id,threshold,commit_step,predicted,confidence,correct,total_steps,premature,mean_delta
0,0.6,2,D,0.8,True,11,True,inf
0,0.7,2,D,0.8,True,11,True,inf
0,0.8,2,D,0.8,True,11,True,inf
0,0.9,4,D,1.0,True,11,True,inf
1,0.6,0,D,1.0,True,11,True,0.013750352374993497
1,0.7,0,D,1.0,True,11,True,0.013750352374993497
1,0.8,0,D,1.0,True,11,True,0.013750352374993497
1,0.9,0,D,1.0,True,11,True,0.013750352374993497
10,0.6,0,D,1.0,True,11,True,inf
10,0.7,0,D,1.0,True,11,True,inf
10,0.8,0,D,1.0,True,11,True,inf
10,0.9,0,D,1.0,True,11,True,inf
100,0.6,0,B,1.0,True,11,True,inf
100,0.7,0,B,1.0,True,11,True,inf
100,0.8,0,B,1.0,True,11,True,inf
100,0.9,0,B,1.0,True,11,True,inf
101,0.6,1,D,1.0,True,11,True,inf
101,0.7,1,D,1.0,True,11,True,inf
101,0.8,1,D,1.0,True,11,True,inf
101,0.9,1,D,1.0,True,11,True,inf
102,0.6,0,C,1.0,True,11,True,inf
102,0.7,0,C,1.0,True,11,True,inf
102,0.8,0,C,1.0,True,11,True,inf
102,0.9,0,C,1.0,True,11,True,inf
103,0.6,1,A,0.9,True,11,True,inf
103,0.7,1,A,0.9,True,11,True,inf
103,0.8,1,A,0.9,True,11,True,inf
103,0.9,1,A,0.9,True,11,True,inf
104,0.6,0,D,0.7,False,11,True,inf
104,0.7,0,D,0.7,False,11,True,inf
104,0.8,5,D,0.8,False,11,True,inf
104,0.9,10,A,0.25,True,11,False,inf
105,0.6,0,C,1.0,True,11,True,inf
105,0.7,0,C,1.0,True,11,True,inf
105,0.8,0,C,1.0,True,11,True,inf
105,0.9,0,C,1.0,True,11,True,inf
106,0.6,0,C,1.0,True,11,True,0.0
106,0.7,0,C,1.0,True,11,True,0.0
106,0.8,0,C,1.0,True,11,True,0.0
106,0.9,0,C,1.0,True,11,True,0.0
107,0.6,3,C,1.0,True,11,True,inf
107,0.7,3,C,1.0,True,11,True,inf
107,0.8,3,C,1.0,True,11,True,inf
107,0.9,3,C,1.0,True,11,True,inf
108,0.6,0,A,1.0,True,11,True,inf
108,0.7,0,A,1.0,True,11,True,inf
108,0.8,0,A,1.0,True,11,True,inf
108,0.9,0,A,1.0,True,11,True,inf
109,0.6,3,A,1.0,True,11,True,inf
109,0.7,3,A,1.0,True,11,True,inf
109,0.8,3,A,1.0,True,11,True,inf
109,0.9,3,A,1.0,True,11,True,inf
11,0.6,2,C,1.0,True,11,True,inf
11,0.7,2,C,1.0,True,11,True,inf
11,0.8,2,C,1.0,True,11,True,inf
11,0.9,2,C,1.0,True,11,True,inf
110,0.6,0,C,0.6,False,11,True,inf
110,0.7,2,D,1.0,True,11,True,inf
110,0.8,2,D,1.0,True,11,True,inf
110,0.9,2,D,1.0,True,11,True,inf
111,0.6,1,A,0.6,True,11,True,inf
111,0.7,4,A,0.8,True,11,True,inf
111,0.8,4,A,0.8,True,11,True,inf
111,0.9,7,A,0.999968108013016,True,11,True,inf
112,0.6,0,C,0.6,False,11,True,inf
112,0.7,2,D,0.75,False,11,True,inf
112,0.8,7,A,0.8,True,11,True,inf
112,0.9,8,A,0.9,True,11,True,inf
113,0.6,5,D,1.0,True,11,True,inf
113,0.7,5,D,1.0,True,11,True,inf
113,0.8,5,D,1.0,True,11,True,inf
113,0.9,5,D,1.0,True,11,True,inf
114,0.6,1,A,0.75,True,11,True,inf
114,0.7,1,A,0.75,True,11,True,inf
114,0.8,2,A,0.8,True,11,True,inf
114,0.9,4,A,0.95,True,11,True,inf
115,0.6,1,C,0.9,True,11,True,inf
115,0.7,1,C,0.9,True,11,True,inf
115,0.8,1,C,0.9,True,11,True,inf
115,0.9,1,C,0.9,True,11,True,inf
116,0.6,2,A,0.8,True,11,True,inf
116,0.7,2,A,0.8,True,11,True,inf
116,0.8,2,A,0.8,True,11,True,inf
116,0.9,10,A,0.25,True,11,False,inf
117,0.6,2,D,0.8571428571428571,False,11,True,inf
117,0.7,2,D,0.8571428571428571,False,11,True,inf
117,0.8,2,D,0.8571428571428571,False,11,True,inf
117,0.9,8,D,1.0,False,11,True,inf
118,0.6,0,A,1.0,True,11,True,inf
118,0.7,0,A,1.0,True,11,True,inf
118,0.8,0,A,1.0,True,11,True,inf
118,0.9,0,A,1.0,True,11,True,inf
119,0.6,2,A,0.7,True,11,True,inf
119,0.7,2,A,0.7,True,11,True,inf
119,0.8,4,A,0.8,True,11,True,inf
119,0.9,6,A,1.0,True,11,True,inf
12,0.6,3,A,1.0,True,11,True,inf
12,0.7,3,A,1.0,True,11,True,inf
12,0.8,3,A,1.0,True,11,True,inf
12,0.9,3,A,1.0,True,11,True,inf
120,0.6,0,A,0.95,True,11,True,inf
120,0.7,0,A,0.95,True,11,True,inf
120,0.8,0,A,0.95,True,11,True,inf
120,0.9,0,A,0.95,True,11,True,inf
121,0.6,0,C,1.0,True,11,True,0.0013050266342790958
121,0.7,0,C,1.0,True,11,True,0.0013050266342790958
121,0.8,0,C,1.0,True,11,True,0.0013050266342790958
121,0.9,0,C,1.0,True,11,True,0.0013050266342790958
122,0.6,2,C,0.6,False,11,True,inf
122,0.7,4,D,0.75,True,11,True,inf
122,0.8,5,D,1.0,True,11,True,inf
122,0.9,5,D,1.0,True,11,True,inf
123,0.6,0,D,1.0,True,11,True,inf
123,0.7,0,D,1.0,True,11,True,inf
123,0.8,0,D,1.0,True,11,True,inf
123,0.9,0,D,1.0,True,11,True,inf
124,0.6,2,B,0.7,False,11,True,inf
124,0.7,2,B,0.7,False,11,True,inf
124,0.8,4,D,0.8,False,11,True,inf
124,0.9,6,C,0.9,True,11,True,inf
125,0.6,1,B,0.7,True,11,True,inf
125,0.7,1,B,0.7,True,11,True,inf
125,0.8,2,B,0.9,True,11,True,inf
125,0.9,2,B,0.9,True,11,True,inf
126,0.6,0,C,1.0,True,11,True,inf
126,0.7,0,C,1.0,True,11,True,inf
126,0.8,0,C,1.0,True,11,True,inf
126,0.9,0,C,1.0,True,11,True,inf
127,0.6,1,B,0.9,False,11,True,inf
127,0.7,1,B,0.9,False,11,True,inf
127,0.8,1,B,0.9,False,11,True,inf
127,0.9,1,B,0.9,False,11,True,inf
128,0.6,0,A,1.0,True,11,True,inf
128,0.7,0,A,1.0,True,11,True,inf
128,0.8,0,A,1.0,True,11,True,inf
128,0.9,0,A,1.0,True,11,True,inf
129,0.6,1,B,0.8,True,11,True,inf
129,0.7,1,B,0.8,True,11,True,inf
129,0.8,1,B,0.8,True,11,True,inf
129,0.9,3,D,1.0,False,11,True,inf
13,0.6,2,B,0.6,True,11,True,inf
13,0.7,3,B,0.8,True,11,True,inf
13,0.8,3,B,0.8,True,11,True,inf
13,0.9,10,B,0.85,True,11,False,inf
130,0.6,0,C,1.0,True,11,True,inf
130,0.7,0,C,1.0,True,11,True,inf
130,0.8,0,C,1.0,True,11,True,inf
130,0.9,0,C,1.0,True,11,True,inf
131,0.6,2,D,1.0,True,11,True,inf
131,0.7,2,D,1.0,True,11,True,inf
131,0.8,2,D,1.0,True,11,True,inf
131,0.9,2,D,1.0,True,11,True,inf
132,0.6,2,B,0.75,True,11,True,inf
132,0.7,2,B,0.75,True,11,True,inf
132,0.8,3,B,0.9,True,11,True,inf
132,0.9,3,B,0.9,True,11,True,inf
133,0.6,0,C,1.0,True,11,True,inf
133,0.7,0,C,1.0,True,11,True,inf
133,0.8,0,C,1.0,True,11,True,inf
133,0.9,0,C,1.0,True,11,True,inf
134,0.6,0,C,0.7,True,11,True,inf
134,0.7,0,C,0.7,True,11,True,inf
134,0.8,1,C,0.85,True,11,True,inf
134,0.9,2,C,1.0,True,11,True,inf
135,0.6,0,D,1.0,True,11,True,0.0
135,0.7,0,D,1.0,True,11,True,0.0
135,0.8,0,D,1.0,True,11,True,0.0
135,0.9,0,D,1.0,True,11,True,0.0
136,0.6,1,C,1.0,True,11,True,inf
136,0.7,1,C,1.0,True,11,True,inf
136,0.8,1,C,1.0,True,11,True,inf
136,0.9,1,C,1.0,True,11,True,inf
137,0.6,0,D,1.0,True,11,True,inf
137,0.7,0,D,1.0,True,11,True,inf
137,0.8,0,D,1.0,True,11,True,inf
137,0.9,0,D,1.0,True,11,True,inf
138,0.6,0,D,1.0,True,11,True,inf
138,0.7,0,D,1.0,True,11,True,inf
138,0.8,0,D,1.0,True,11,True,inf
138,0.9,0,D,1.0,True,11,True,inf
139,0.6,1,C,1.0,False,11,True,inf
139,0.7,1,C,1.0,False,11,True,inf
139,0.8,1,C,1.0,False,11,True,inf
139,0.9,1,C,1.0,False,11,True,inf
14,0.6,2,D,0.7,True,11,True,inf
14,0.7,2,D,0.7,True,11,True,inf
14,0.8,3,D,1.0,True,11,True,inf
14,0.9,3,D,1.0,True,11,True,inf
140,0.6,2,D,1.0,False,11,True,inf
140,0.7,2,D,1.0,False,11,True,inf
140,0.8,2,D,1.0,False,11,True,inf
140,0.9,2,D,1.0,False,11,True,inf
141,0.6,0,B,0.7,True,11,True,inf
141,0.7,0,B,0.7,True,11,True,inf
141,0.8,2,D,1.0,False,11,True,inf
141,0.9,2,D,1.0,False,11,True,inf
142,0.6,0,C,0.6663336663336663,True,11,True,inf
142,0.7,1,C,0.7,True,11,True,inf
142,0.8,3,C,0.9396879375875175,True,11,True,inf
142,0.9,3,C,0.9396879375875175,True,11,True,inf
143,0.6,0,D,0.7,False,11,True,inf
143,0.7,0,D,0.7,False,11,True,inf
143,0.8,6,D,1.0,False,11,True,inf
143,0.9,6,D,1.0,False,11,True,inf
144,0.6,1,D,0.6,True,11,True,inf
144,0.7,4,D,0.8,True,11,True,inf
144,0.8,4,D,0.8,True,11,True,inf
144,0.9,9,D,1.0,True,11,True,inf
145,0.6,0,D,1.0,True,11,True,inf
145,0.7,0,D,1.0,True,11,True,inf
145,0.8,0,D,1.0,True,11,True,inf
145,0.9,0,D,1.0,True,11,True,inf
146,0.6,0,B,1.0,True,11,True,0.0013050266342790958
146,0.7,0,B,1.0,True,11,True,0.0013050266342790958
146,0.8,0,B,1.0,True,11,True,0.0013050266342790958
146,0.9,0,B,1.0,True,11,True,0.0013050266342790958
147,0.6,1,C,1.0,True,11,True,inf
147,0.7,1,C,1.0,True,11,True,inf
147,0.8,1,C,1.0,True,11,True,inf
147,0.9,1,C,1.0,True,11,True,inf
148,0.6,1,B,0.6,False,11,True,inf
148,0.7,6,A,0.7,True,11,True,inf
148,0.8,8,D,1.0,False,11,True,inf
148,0.9,8,D,1.0,False,11,True,inf
149,0.6,0,C,0.8,False,11,True,inf
149,0.7,0,C,0.8,False,11,True,inf
149,0.8,0,C,0.8,False,11,True,inf
149,0.9,4,D,0.9696969696969697,True,11,True,inf
15,0.6,2,B,0.9,True,11,True,inf
15,0.7,2,B,0.9,True,11,True,inf
15,0.8,2,B,0.9,True,11,True,inf
15,0.9,2,B,0.9,True,11,True,inf
150,0.6,0,C,1.0,True,11,True,inf
150,0.7,0,C,1.0,True,11,True,inf
150,0.8,0,C,1.0,True,11,True,inf
150,0.9,0,C,1.0,True,11,True,inf
151,0.6,2,B,1.0,True,11,True,inf
151,0.7,2,B,1.0,True,11,True,inf
151,0.8,2,B,1.0,True,11,True,inf
151,0.9,2,B,1.0,True,11,True,inf
152,0.6,0,C,1.0,True,11,True,inf
152,0.7,0,C,1.0,True,11,True,inf
152,0.8,0,C,1.0,True,11,True,inf
152,0.9,0,C,1.0,True,11,True,inf
153,0.6,0,D,1.0,False,11,True,inf
153,0.7,0,D,1.0,False,11,True,inf
153,0.8,0,D,1.0,False,11,True,inf
153,0.9,0,D,1.0,False,11,True,inf
154,0.6,0,D,1.0,False,11,True,inf
154,0.7,0,D,1.0,False,11,True,inf
154,0.8,0,D,1.0,False,11,True,inf
154,0.9,0,D,1.0,False,11,True,inf
155,0.6,0,B,0.85,True,11,True,inf
155,0.7,0,B,0.85,True,11,True,inf
155,0.8,0,B,0.85,True,11,True,inf
155,0.9,2,B,1.0,True,11,True,inf
156,0.6,1,C,0.85,True,11,True,0.33460592735917494
156,0.7,1,C,0.85,True,11,True,0.33460592735917494
156,0.8,1,C,0.85,True,11,True,0.33460592735917494
156,0.9,8,C,1.0,True,11,True,0.33460592735917494
157,0.6,0,A,0.6,False,11,True,inf
157,0.7,3,B,1.0,True,11,True,inf
157,0.8,3,B,1.0,True,11,True,inf
157,0.9,3,B,1.0,True,11,True,inf
158,0.6,2,B,0.9,True,11,True,inf
158,0.7,2,B,0.9,True,11,True,inf
158,0.8,2,B,0.9,True,11,True,inf
158,0.9,2,B,0.9,True,11,True,inf
159,0.6,0,B,0.6,False,11,True,inf
159,0.7,1,C,1.0,True,11,True,inf
159,0.8,1,C,1.0,True,11,True,inf
159,0.9,1,C,1.0,True,11,True,inf
16,0.6,0,C,1.0,True,11,True,inf
16,0.7,0,C,1.0,True,11,True,inf
16,0.8,0,C,1.0,True,11,True,inf
16,0.9,0,C,1.0,True,11,True,inf
160,0.6,0,B,0.7,False,11,True,inf
160,0.7,0,B,0.7,False,11,True,inf
160,0.8,8,D,1.0,False,11,True,inf
160,0.9,8,D,1.0,False,11,True,inf
161,0.6,2,C,0.85,True,11,True,inf
161,0.7,2,C,0.85,True,11,True,inf
161,0.8,2,C,0.85,True,11,True,inf
161,0.9,3,C,1.0,True,11,True,inf
162,0.6,1,C,1.0,True,11,True,inf
162,0.7,1,C,1.0,True,11,True,inf
162,0.8,1,C,1.0,True,11,True,inf
162,0.9,1,C,1.0,True,11,True,inf
163,0.6,0,C,0.7,False,11,True,inf
163,0.7,0,C,0.7,False,11,True,inf
163,0.8,1,C,0.85,False,11,True,inf
163,0.9,2,D,1.0,True,11,True,inf
164,0.6,0,C,0.6,True,11,True,inf
164,0.7,1,C,0.8,True,11,True,inf
164,0.8,1,C,0.8,True,11,True,inf
164,0.9,9,C,0.9,True,11,True,inf
165,0.6,0,B,0.8,True,11,True,inf
165,0.7,0,B,0.8,True,11,True,inf
165,0.8,0,B,0.8,True,11,True,inf
165,0.9,1,B,1.0,True,11,True,inf
166,0.6,0,A,0.95,True,11,True,inf
166,0.7,0,A,0.95,True,11,True,inf
166,0.8,0,A,0.95,True,11,True,inf
166,0.9,0,A,0.95,True,11,True,inf
167,0.6,1,B,0.7,False,11,True,inf
167,0.7,1,B,0.7,False,11,True,inf
167,0.8,3,C,0.85,True,11,True,inf
167,0.9,4,C,0.9,True,11,True,inf
168,0.6,0,C,0.7,True,11,True,inf
168,0.7,0,C,0.7,True,11,True,inf
168,0.8,1,B,0.8,False,11,True,inf
168,0.9,4,C,1.0,True,11,True,inf
169,0.6,0,D,1.0,True,11,True,inf
169,0.7,0,D,1.0,True,11,True,inf
169,0.8,0,D,1.0,True,11,True,inf
169,0.9,0,D,1.0,True,11,True,inf
17,0.6,2,A,0.6,True,11,True,inf
17,0.7,3,A,0.8,True,11,True,inf
17,0.8,3,A,0.8,True,11,True,inf
17,0.9,8,A,0.9,True,11,True,inf
170,0.6,1,D,1.0,True,11,True,inf
170,0.7,1,D,1.0,True,11,True,inf
170,0.8,1,D,1.0,True,11,True,inf
170,0.9,1,D,1.0,True,11,True,inf
171,0.6,3,D,0.75,True,11,True,inf
171,0.7,3,D,0.75,True,11,True,inf
171,0.8,4,D,1.0,True,11,True,inf
171,0.9,4,D,1.0,True,11,True,inf
172,0.6,0,D,0.8,True,11,True,inf
172,0.7,0,D,0.8,True,11,True,inf
172,0.8,0,D,0.8,True,11,True,inf
172,0.9,3,D,1.0,True,11,True,inf
173,0.6,0,C,0.8635136486351366,False,11,True,inf
173,0.7,0,C,0.8635136486351366,False,11,True,inf
173,0.8,0,C,0.8635136486351366,False,11,True,inf
173,0.9,1,C,0.9,False,11,True,inf
174,0.6,1,D,1.0,True,11,True,inf
174,0.7,1,D,1.0,True,11,True,inf
174,0.8,1,D,1.0,True,11,True,inf
174,0.9,1,D,1.0,True,11,True,inf
175,0.6,1,C,1.0,True,11,True,inf
175,0.7,1,C,1.0,True,11,True,inf
175,0.8,1,C,1.0,True,11,True,inf
175,0.9,1,C,1.0,True,11,True,inf
176,0.6,0,D,1.0,False,11,True,inf
176,0.7,0,D,1.0,False,11,True,inf
176,0.8,0,D,1.0,False,11,True,inf
176,0.9,0,D,1.0,False,11,True,inf
177,0.6,2,A,0.7,True,11,True,inf
177,0.7,2,A,0.7,True,11,True,inf
177,0.8,3,A,0.8,True,11,True,inf
177,0.9,4,A,0.9,True,11,True,inf
178,0.6,1,A,0.6,True,11,True,inf
178,0.7,2,C,0.7,False,11,True,inf
178,0.8,3,C,0.8,False,11,True,inf
178,0.9,5,C,1.0,False,11,True,inf
179,0.6,1,C,0.6,True,11,True,inf
179,0.7,2,C,1.0,True,11,True,inf
179,0.8,2,C,1.0,True,11,True,inf
179,0.9,2,C,1.0,True,11,True,inf
18,0.6,1,A,1.0,True,11,True,inf
18,0.7,1,A,1.0,True,11,True,inf
18,0.8,1,A,1.0,True,11,True,inf
18,0.9,1,A,1.0,True,11,True,inf
180,0.6,5,D,1.0,False,11,True,inf
180,0.7,5,D,1.0,False,11,True,inf
180,0.8,5,D,1.0,False,11,True,inf
180,0.9,5,D,1.0,False,11,True,inf
181,0.6,1,D,0.8,True,11,True,inf
181,0.7,1,D,0.8,True,11,True,inf
181,0.8,1,D,0.8,True,11,True,inf
181,0.9,4,D,1.0,True,11,True,inf
182,0.6,0,B,0.6,False,11,True,inf
182,0.7,3,D,1.0,True,11,True,inf
182,0.8,3,D,1.0,True,11,True,inf
182,0.9,3,D,1.0,True,11,True,inf
183,0.6,2,C,0.6,True,11,True,inf
183,0.7,3,C,1.0,True,11,True,inf
183,0.8,3,C,1.0,True,11,True,inf
183,0.9,3,C,1.0,True,11,True,inf
184,0.6,3,D,1.0,True,11,True,0.028851689420727154
184,0.7,3,D,1.0,True,11,True,0.028851689420727154
184,0.8,3,D,1.0,True,11,True,0.028851689420727154
184,0.9,3,D,1.0,True,11,True,0.028851689420727154
185,0.6,0,A,0.6,True,11,True,inf
185,0.7,1,A,0.8,True,11,True,inf
185,0.8,1,A,0.8,True,11,True,inf
185,0.9,7,A,1.0,True,11,True,inf
186,0.6,0,D,0.7,False,11,True,inf
186,0.7,0,D,0.7,False,11,True,inf
186,0.8,2,B,0.85,True,11,True,inf
186,0.9,9,B,0.9,True,11,True,inf
187,0.6,1,C,0.85,True,11,True,inf
187,0.7,1,C,0.85,True,11,True,inf
187,0.8,1,C,0.85,True,11,True,inf
187,0.9,4,C,1.0,True,11,True,inf
188,0.6,0,D,0.8,True,11,True,inf
188,0.7,0,D,0.8,True,11,True,inf
188,0.8,0,D,0.8,True,11,True,inf
188,0.9,2,D,1.0,True,11,True,inf
189,0.6,0,D,1.0,True,11,True,inf
189,0.7,0,D,1.0,True,11,True,inf
189,0.8,0,D,1.0,True,11,True,inf
189,0.9,0,D,1.0,True,11,True,inf
19,0.6,0,D,0.75,True,11,True,inf
19,0.7,0,D,0.75,True,11,True,inf
19,0.8,4,D,1.0,True,11,True,inf
19,0.9,4,D,1.0,True,11,True,inf
190,0.6,1,C,0.9,False,11,True,inf
190,0.7,1,C,0.9,False,11,True,inf
190,0.8,1,C,0.9,False,11,True,inf
190,0.9,1,C,0.9,False,11,True,inf
191,0.6,1,C,0.6,False,11,True,inf
191,0.7,2,C,0.8,False,11,True,inf
191,0.8,2,C,0.8,False,11,True,inf
191,0.9,4,A,0.9,True,11,True,inf
192,0.6,1,B,0.7,True,11,True,inf
192,0.7,1,B,0.7,True,11,True,inf
192,0.8,2,B,1.0,True,11,True,inf
192,0.9,2,B,1.0,True,11,True,inf
193,0.6,0,C,0.6,False,11,True,inf
193,0.7,4,D,1.0,True,11,True,inf
193,0.8,4,D,1.0,True,11,True,inf
193,0.9,4,D,1.0,True,11,True,inf
194,0.6,0,B,0.7,False,11,True,inf
194,0.7,0,B,0.7,False,11,True,inf
194,0.8,3,C,1.0,True,11,True,inf
194,0.9,3,C,1.0,True,11,True,inf
195,0.6,1,B,0.6,True,11,True,inf
195,0.7,3,B,1.0,True,11,True,inf
195,0.8,3,B,1.0,True,11,True,inf
195,0.9,3,B,1.0,True,11,True,inf
196,0.6,0,D,1.0,True,11,True,inf
196,0.7,0,D,1.0,True,11,True,inf
196,0.8,0,D,1.0,True,11,True,inf
196,0.9,0,D,1.0,True,11,True,inf
197,0.6,0,D,0.85,False,11,True,inf
197,0.7,0,D,0.85,False,11,True,inf
197,0.8,0,D,0.85,False,11,True,inf
197,0.9,1,D,1.0,False,11,True,inf
198,0.6,1,B,0.6825,True,11,True,inf
198,0.7,2,B,0.8,True,11,True,inf
198,0.8,2,B,0.8,True,11,True,inf
198,0.9,5,D,1.0,False,11,True,inf
199,0.6,1,A,0.8,True,11,True,inf
199,0.7,1,A,0.8,True,11,True,inf
199,0.8,1,A,0.8,True,11,True,inf
199,0.9,6,A,0.9,True,11,True,inf
2,0.6,0,D,1.0,False,11,True,inf
2,0.7,0,D,1.0,False,11,True,inf
2,0.8,0,D,1.0,False,11,True,inf
2,0.9,0,D,1.0,False,11,True,inf
20,0.6,2,D,1.0,True,11,True,inf
20,0.7,2,D,1.0,True,11,True,inf
20,0.8,2,D,1.0,True,11,True,inf
20,0.9,2,D,1.0,True,11,True,inf
200,0.6,2,A,0.7,True,11,True,inf
200,0.7,2,A,0.7,True,11,True,inf
200,0.8,3,A,0.8,True,11,True,inf
200,0.9,10,A,0.25,True,11,False,inf
201,0.6,2,A,0.8,True,11,True,inf
201,0.7,2,A,0.8,True,11,True,inf
201,0.8,2,A,0.8,True,11,True,inf
201,0.9,7,A,1.0,True,11,True,inf
202,0.6,0,B,1.0,True,11,True,inf
202,0.7,0,B,1.0,True,11,True,inf
202,0.8,0,B,1.0,True,11,True,inf
202,0.9,0,B,1.0,True,11,True,inf
203,0.6,0,D,0.625,True,11,True,inf
203,0.7,1,D,0.75,True,11,True,inf
203,0.8,3,D,1.0,True,11,True,inf
203,0.9,3,D,1.0,True,11,True,inf
204,0.6,0,C,0.6,True,11,True,inf
204,0.7,1,B,0.8,False,11,True,inf
204,0.8,1,B,0.8,False,11,True,inf
204,0.9,2,C,1.0,True,11,True,inf
205,0.6,1,C,1.0,True,11,True,0.07066496545959988
205,0.7,1,C,1.0,True,11,True,0.07066496545959988
205,0.8,1,C,1.0,True,11,True,0.07066496545959988
205,0.9,1,C,1.0,True,11,True,0.07066496545959988
206,0.6,0,B,1.0,False,11,True,inf
206,0.7,0,B,1.0,False,11,True,inf
206,0.8,0,B,1.0,False,11,True,inf
206,0.9,0,B,1.0,False,11,True,inf
207,0.6,2,A,0.6,False,11,True,inf
207,0.7,3,D,1.0,False,11,True,inf
207,0.8,3,D,1.0,False,11,True,inf
207,0.9,3,D,1.0,False,11,True,inf
208,0.6,0,B,0.75,False,11,True,inf
208,0.7,0,B,0.75,False,11,True,inf
208,0.8,2,D,0.8,True,11,True,inf
208,0.9,4,B,0.9,False,11,True,inf
209,0.6,3,B,0.9,True,11,True,inf
209,0.7,3,B,0.9,True,11,True,inf
209,0.8,3,B,0.9,True,11,True,inf
209,0.9,3,B,0.9,True,11,True,inf
21,0.6,2,C,0.7,False,11,True,inf
21,0.7,2,C,0.7,False,11,True,inf
21,0.8,4,C,0.9,False,11,True,inf
21,0.9,4,C,0.9,False,11,True,inf
210,0.6,0,D,0.7,True,11,True,inf
210,0.7,0,D,0.7,True,11,True,inf
210,0.8,1,D,1.0,True,11,True,inf
210,0.9,1,D,1.0,True,11,True,inf
211,0.6,1,A,0.75,True,11,True,inf
211,0.7,1,A,0.75,True,11,True,inf
211,0.8,3,A,0.9,True,11,True,inf
211,0.9,3,A,0.9,True,11,True,inf
212,0.6,1,D,0.6,True,11,True,inf
212,0.7,2,D,0.8,True,11,True,inf
212,0.8,2,D,0.8,True,11,True,inf
212,0.9,5,D,1.0,True,11,True,inf
213,0.6,0,B,0.85,True,11,True,inf
213,0.7,0,B,0.85,True,11,True,inf
213,0.8,0,B,0.85,True,11,True,inf
213,0.9,3,B,0.9,True,11,True,inf
214,0.6,2,B,0.6,True,11,True,inf
214,0.7,3,D,1.0,False,11,True,inf
214,0.8,3,D,1.0,False,11,True,inf
214,0.9,3,D,1.0,False,11,True,inf
215,0.6,2,A,0.9,True,11,True,inf
215,0.7,2,A,0.9,True,11,True,inf
215,0.8,2,A,0.9,True,11,True,inf
215,0.9,2,A,0.9,True,11,True,inf
216,0.6,0,D,1.0,True,11,True,inf
216,0.7,0,D,1.0,True,11,True,inf
216,0.8,0,D,1.0,True,11,True,inf
216,0.9,0,D,1.0,True,11,True,inf
217,0.6,3,A,0.8,True,11,True,inf
217,0.7,3,A,0.8,True,11,True,inf
217,0.8,3,A,0.8,True,11,True,inf
217,0.9,7,A,0.9,True,11,True,inf
218,0.6,5,A,0.9,True,11,True,inf
218,0.7,5,A,0.9,True,11,True,inf
218,0.8,5,A,0.9,True,11,True,inf
218,0.9,5,A,0.9,True,11,True,inf
219,0.6,1,D,0.7,True,11,True,inf
219,0.7,1,D,0.7,True,11,True,inf
219,0.8,2,D,1.0,True,11,True,inf
219,0.9,2,D,1.0,True,11,True,inf
22,0.6,0,D,1.0,True,11,True,inf
22,0.7,0,D,1.0,True,11,True,inf
22,0.8,0,D,1.0,True,11,True,inf
22,0.9,0,D,1.0,True,11,True,inf
220,0.6,0,B,1.0,True,11,True,inf
220,0.7,0,B,1.0,True,11,True,inf
220,0.8,0,B,1.0,True,11,True,inf
220,0.9,0,B,1.0,True,11,True,inf
221,0.6,1,B,1.0,True,11,True,inf
221,0.7,1,B,1.0,True,11,True,inf
221,0.8,1,B,1.0,True,11,True,inf
221,0.9,1,B,1.0,True,11,True,inf
222,0.6,4,A,0.65,True,11,True,inf
222,0.7,5,A,0.9894183729842289,True,11,True,inf
222,0.8,5,A,0.9894183729842289,True,11,True,inf
222,0.9,5,A,0.9894183729842289,True,11,True,inf
223,0.6,1,D,0.75,False,11,True,inf
223,0.7,1,D,0.75,False,11,True,inf
223,0.8,2,B,0.8,True,11,True,inf
223,0.9,4,B,0.95,True,11,True,inf
224,0.6,0,B,0.9,True,11,True,inf
224,0.7,0,B,0.9,True,11,True,inf
224,0.8,0,B,0.9,True,11,True,inf
224,0.9,0,B,0.9,True,11,True,inf
225,0.6,0,B,1.0,True,11,True,inf
225,0.7,0,B,1.0,True,11,True,inf
225,0.8,0,B,1.0,True,11,True,inf
225,0.9,0,B,1.0,True,11,True,inf
226,0.6,1,D,0.65,False,11,True,inf
226,0.7,2,B,0.8,True,11,True,inf
226,0.8,2,B,0.8,True,11,True,inf
226,0.9,5,D,1.0,False,11,True,inf
227,0.6,0,C,0.64,False,11,True,inf
227,0.7,2,B,0.8,True,11,True,inf
227,0.8,2,B,0.8,True,11,True,inf
227,0.9,9,B,1.0,True,11,True,inf
228,0.6,0,C,1.0,True,11,True,inf
228,0.7,0,C,1.0,True,11,True,inf
228,0.8,0,C,1.0,True,11,True,inf
228,0.9,0,C,1.0,True,11,True,inf
229,0.6,0,B,1.0,True,11,True,inf
229,0.7,0,B,1.0,True,11,True,inf
229,0.8,0,B,1.0,True,11,True,inf
229,0.9,0,B,1.0,True,11,True,inf
23,0.6,2,C,0.75,True,11,True,inf
23,0.7,2,C,0.75,True,11,True,inf
23,0.8,3,C,1.0,True,11,True,inf
23,0.9,3,C,1.0,True,11,True,inf
230,0.6,1,C,0.9,False,11,True,inf
230,0.7,1,C,0.9,False,11,True,inf
230,0.8,1,C,0.9,False,11,True,inf
230,0.9,1,C,0.9,False,11,True,inf
231,0.6,0,C,1.0,True,11,True,inf
231,0.7,0,C,1.0,True,11,True,inf
231,0.8,0,C,1.0,True,11,True,inf
231,0.9,0,C,1.0,True,11,True,inf
232,0.6,0,A,1.0,True,11,True,inf
232,0.7,0,A,1.0,True,11,True,inf
232,0.8,0,A,1.0,True,11,True,inf
232,0.9,0,A,1.0,True,11,True,inf
233,0.6,1,C,1.0,True,11,True,inf
233,0.7,1,C,1.0,True,11,True,inf
233,0.8,1,C,1.0,True,11,True,inf
233,0.9,1,C,1.0,True,11,True,inf
234,0.6,0,C,0.75,True,11,True,inf
234,0.7,0,C,0.75,True,11,True,inf
234,0.8,1,C,1.0,True,11,True,inf
234,0.9,1,C,1.0,True,11,True,inf
235,0.6,0,A,1.0,True,11,True,inf
235,0.7,0,A,1.0,True,11,True,inf
235,0.8,0,A,1.0,True,11,True,inf
235,0.9,0,A,1.0,True,11,True,inf
236,0.6,0,A,0.6,True,11,True,inf
236,0.7,7,A,0.7,True,11,True,inf
236,0.8,8,A,0.8,True,11,True,inf
236,0.9,10,A,0.7,True,11,False,inf
237,0.6,1,B,0.6,True,11,True,inf
237,0.7,3,B,0.8,True,11,True,inf
237,0.8,3,B,0.8,True,11,True,inf
237,0.9,8,B,0.9,True,11,True,inf
238,0.6,0,B,0.6,False,11,True,inf
238,0.7,2,C,0.7,True,11,True,inf
238,0.8,3,C,1.0,True,11,True,inf
238,0.9,3,C,1.0,True,11,True,inf
239,0.6,1,C,1.0,False,11,True,inf
239,0.7,1,C,1.0,False,11,True,inf
239,0.8,1,C,1.0,False,11,True,inf
239,0.9,1,C,1.0,False,11,True,inf
24,0.6,0,D,1.0,True,11,True,inf
24,0.7,0,D,1.0,True,11,True,inf
24,0.8,0,D,1.0,True,11,True,inf
24,0.9,0,D,1.0,True,11,True,inf
240,0.6,1,B,1.0,True,11,True,inf
240,0.7,1,B,1.0,True,11,True,inf
240,0.8,1,B,1.0,True,11,True,inf
240,0.9,1,B,1.0,True,11,True,inf
241,0.6,1,A,1.0,True,11,True,inf
241,0.7,1,A,1.0,True,11,True,inf
241,0.8,1,A,1.0,True,11,True,inf
241,0.9,1,A,1.0,True,11,True,inf
242,0.6,1,D,1.0,True,11,True,0.0
242,0.7,1,D,1.0,True,11,True,0.0
242,0.8,1,D,1.0,True,11,True,0.0
242,0.9,1,D,1.0,True,11,True,0.0
243,0.6,0,D,1.0,True,11,True,inf
243,0.7,0,D,1.0,True,11,True,inf
243,0.8,0,D,1.0,True,11,True,inf
243,0.9,0,D,1.0,True,11,True,inf
244,0.6,0,A,1.0,True,11,True,inf
244,0.7,0,A,1.0,True,11,True,inf
244,0.8,0,A,1.0,True,11,True,inf
244,0.9,0,A,1.0,True,11,True,inf
245,0.6,3,A,0.8,True,11,True,inf
245,0.7,3,A,0.8,True,11,True,inf
245,0.8,3,A,0.8,True,11,True,inf
245,0.9,5,A,0.9,True,11,True,inf
246,0.6,1,C,0.7,True,11,True,inf
246,0.7,1,C,0.7,True,11,True,inf
246,0.8,8,C,1.0,True,11,True,inf
246,0.9,8,C,1.0,True,11,True,inf
247,0.6,3,C,0.7,False,11,True,inf
247,0.7,3,C,0.7,False,11,True,inf
247,0.8,5,D,1.0,False,11,True,inf
247,0.9,5,D,1.0,False,11,True,inf
248,0.6,3,A,0.9,True,11,True,inf
248,0.7,3,A,0.9,True,11,True,inf
248,0.8,3,A,0.9,True,11,True,inf
248,0.9,3,A,0.9,True,11,True,inf
249,0.6,3,B,0.8,True,11,True,inf
249,0.7,3,B,0.8,True,11,True,inf
249,0.8,3,B,0.8,True,11,True,inf
249,0.9,7,B,0.9,True,11,True,inf
25,0.6,0,D,1.0,True,11,True,inf
25,0.7,0,D,1.0,True,11,True,inf
25,0.8,0,D,1.0,True,11,True,inf
25,0.9,0,D,1.0,True,11,True,inf
250,0.6,2,C,0.7,True,11,True,inf
250,0.7,2,C,0.7,True,11,True,inf
250,0.8,3,C,0.9,True,11,True,inf
250,0.9,3,C,0.9,True,11,True,inf
251,0.6,0,C,0.85,True,11,True,inf
251,0.7,0,C,0.85,True,11,True,inf
251,0.8,0,C,0.85,True,11,True,inf
251,0.9,2,C,1.0,True,11,True,inf
252,0.6,2,D,0.7,True,11,True,inf
252,0.7,2,D,0.7,True,11,True,inf
252,0.8,5,D,0.8,True,11,True,inf
252,0.9,6,D,1.0,True,11,True,inf
253,0.6,0,C,1.0,True,11,True,inf
253,0.7,0,C,1.0,True,11,True,inf
253,0.8,0,C,1.0,True,11,True,inf
253,0.9,0,C,1.0,True,11,True,inf
254,0.6,0,C,0.85,True,11,True,inf
254,0.7,0,C,0.85,True,11,True,inf
254,0.8,0,C,0.85,True,11,True,inf
254,0.9,4,C,1.0,True,11,True,inf
255,0.6,0,B,0.6,False,11,True,inf
255,0.7,1,D,0.8,True,11,True,inf
255,0.8,1,D,0.8,True,11,True,inf
255,0.9,5,D,1.0,True,11,True,inf
256,0.6,0,B,1.0,True,11,True,0.08892687542560467
256,0.7,0,B,1.0,True,11,True,0.08892687542560467
256,0.8,0,B,1.0,True,11,True,0.08892687542560467
256,0.9,0,B,1.0,True,11,True,0.08892687542560467
257,0.6,1,B,0.6,False,11,True,inf
257,0.7,4,A,0.8,True,11,True,inf
257,0.8,4,A,0.8,True,11,True,inf
257,0.9,7,A,0.9,True,11,True,inf
258,0.6,1,B,1.0,True,11,True,inf
258,0.7,1,B,1.0,True,11,True,inf
258,0.8,1,B,1.0,True,11,True,inf
258,0.9,1,B,1.0,True,11,True,inf
259,0.6,1,C,0.8,True,11,True,inf
259,0.7,1,C,0.8,True,11,True,inf
259,0.8,1,C,0.8,True,11,True,inf
259,0.9,8,C,0.9,True,11,True,inf
26,0.6,1,C,1.0,True,11,True,inf
26,0.7,1,C,1.0,True,11,True,inf
26,0.8,1,C,1.0,True,11,True,inf
26,0.9,1,C,1.0,True,11,True,inf
260,0.6,0,C,0.8,True,11,True,inf
260,0.7,0,C,0.8,True,11,True,inf
260,0.8,0,C,0.8,True,11,True,inf
260,0.9,3,C,1.0,True,11,True,inf
261,0.6,1,B,0.8,True,11,True,inf
261,0.7,1,B,0.8,True,11,True,inf
261,0.8,1,B,0.8,True,11,True,inf
261,0.9,2,B,0.9,True,11,True,inf
262,0.6,0,C,1.0,True,11,True,inf
262,0.7,0,C,1.0,True,11,True,inf
262,0.8,0,C,1.0,True,11,True,inf
262,0.9,0,C,1.0,True,11,True,inf
263,0.6,3,A,0.8,True,11,True,inf
263,0.7,3,A,0.8,True,11,True,inf
263,0.8,3,A,0.8,True,11,True,inf
263,0.9,7,A,1.0,True,11,True,inf
264,0.6,0,D,1.0,False,11,True,inf
264,0.7,0,D,1.0,False,11,True,inf
264,0.8,0,D,1.0,False,11,True,inf
264,0.9,0,D,1.0,False,11,True,inf
265,0.6,0,A,1.0,True,11,True,inf
265,0.7,0,A,1.0,True,11,True,inf
265,0.8,0,A,1.0,True,11,True,inf
265,0.9,0,A,1.0,True,11,True,inf
266,0.6,0,A,1.0,False,11,True,inf
266,0.7,0,A,1.0,False,11,True,inf
266,0.8,0,A,1.0,False,11,True,inf
266,0.9,0,A,1.0,False,11,True,inf
267,0.6,0,B,0.7,False,11,True,inf
267,0.7,0,B,0.7,False,11,True,inf
267,0.8,3,D,1.0,True,11,True,inf
267,0.9,3,D,1.0,True,11,True,inf
268,0.6,1,D,1.0,True,11,True,inf
268,0.7,1,D,1.0,True,11,True,inf
268,0.8,1,D,1.0,True,11,True,inf
268,0.9,1,D,1.0,True,11,True,inf
269,0.6,1,B,0.6,False,11,True,inf
269,0.7,3,C,1.0,True,11,True,inf
269,0.8,3,C,1.0,True,11,True,inf
269,0.9,3,C,1.0,True,11,True,inf
27,0.6,0,C,1.0,True,11,True,inf
27,0.7,0,C,1.0,True,11,True,inf
27,0.8,0,C,1.0,True,11,True,inf
27,0.9,0,C,1.0,True,11,True,inf
270,0.6,4,C,0.7,True,11,True,0.2274328637022885
270,0.7,4,C,0.7,True,11,True,0.2274328637022885
270,0.8,7,C,1.0,True,11,True,0.2274328637022885
270,0.9,7,C,1.0,True,11,True,0.2274328637022885
271,0.6,0,C,0.85,True,11,True,inf
271,0.7,0,C,0.85,True,11,True,inf
271,0.8,0,C,0.85,True,11,True,inf
271,0.9,2,C,1.0,True,11,True,inf
272,0.6,0,B,0.6,True,11,True,inf
272,0.7,1,B,0.8,True,11,True,inf
272,0.8,1,B,0.8,True,11,True,inf
272,0.9,3,B,1.0,True,11,True,inf
273,0.6,2,D,1.0,True,11,True,0.10072657004118978
273,0.7,2,D,1.0,True,11,True,0.10072657004118978
273,0.8,2,D,1.0,True,11,True,0.10072657004118978
273,0.9,2,D,1.0,True,11,True,0.10072657004118978
274,0.6,0,B,0.7619047619047619,False,11,True,0.08626286846723466
274,0.7,0,B,0.7619047619047619,False,11,True,0.08626286846723466
274,0.8,1,C,1.0,True,11,True,0.08626286846723466
274,0.9,1,C,1.0,True,11,True,0.08626286846723466
275,0.6,0,D,0.7,False,11,True,inf
275,0.7,0,D,0.7,False,11,True,inf
275,0.8,1,D,1.0,False,11,True,inf
275,0.9,1,D,1.0,False,11,True,inf
276,0.6,0,C,0.6,False,11,True,inf
276,0.7,2,B,1.0,True,11,True,inf
276,0.8,2,B,1.0,True,11,True,inf
276,0.9,2,B,1.0,True,11,True,inf
277,0.6,0,D,0.6,True,11,True,inf
277,0.7,2,D,1.0,True,11,True,inf
277,0.8,2,D,1.0,True,11,True,inf
277,0.9,2,D,1.0,True,11,True,inf
278,0.6,2,D,1.0,True,11,True,inf
278,0.7,2,D,1.0,True,11,True,inf
278,0.8,2,D,1.0,True,11,True,inf
278,0.9,2,D,1.0,True,11,True,inf
279,0.6,1,D,0.7,True,11,True,inf
279,0.7,1,D,0.7,True,11,True,inf
279,0.8,2,D,1.0,True,11,True,inf
279,0.9,2,D,1.0,True,11,True,inf
28,0.6,3,D,0.7,True,11,True,inf
28,0.7,3,D,0.7,True,11,True,inf
28,0.8,4,D,1.0,True,11,True,inf
28,0.9,4,D,1.0,True,11,True,inf
280,0.6,2,C,0.8,True,11,True,inf
280,0.7,2,C,0.8,True,11,True,inf
280,0.8,2,C,0.8,True,11,True,inf
280,0.9,6,C,1.0,True,11,True,inf
281,0.6,0,B,0.6,True,11,True,inf
281,0.7,1,B,0.7,True,11,True,inf
281,0.8,2,B,0.9,True,11,True,inf
281,0.9,2,B,0.9,True,11,True,inf
282,0.6,1,A,1.0,True,11,True,inf
282,0.7,1,A,1.0,True,11,True,inf
282,0.8,1,A,1.0,True,11,True,inf
282,0.9,1,A,1.0,True,11,True,inf
283,0.6,3,A,0.6,True,11,True,inf
283,0.7,6,A,0.7,True,11,True,inf
283,0.8,7,A,0.9,True,11,True,inf
283,0.9,7,A,0.9,True,11,True,inf
284,0.6,1,B,1.0,False,11,True,inf
284,0.7,1,B,1.0,False,11,True,inf
284,0.8,1,B,1.0,False,11,True,inf
284,0.9,1,B,1.0,False,11,True,inf
285,0.6,0,D,1.0,True,11,True,0.09090909090909091
285,0.7,0,D,1.0,True,11,True,0.09090909090909091
285,0.8,0,D,1.0,True,11,True,0.09090909090909091
285,0.9,0,D,1.0,True,11,True,0.09090909090909091
286,0.6,1,C,1.0,False,11,True,inf
286,0.7,1,C,1.0,False,11,True,inf
286,0.8,1,C,1.0,False,11,True,inf
286,0.9,1,C,1.0,False,11,True,inf
287,0.6,0,B,0.9,True,11,True,inf
287,0.7,0,B,0.9,True,11,True,inf
287,0.8,0,B,0.9,True,11,True,inf
287,0.9,0,B,0.9,True,11,True,inf
288,0.6,1,C,0.9,False,11,True,inf
288,0.7,1,C,0.9,False,11,True,inf
288,0.8,1,C,0.9,False,11,True,inf
288,0.9,1,C,0.9,False,11,True,inf
289,0.6,0,D,0.85,False,11,True,inf
289,0.7,0,D,0.85,False,11,True,inf
289,0.8,0,D,0.85,False,11,True,inf
289,0.9,6,D,1.0,False,11,True,inf
29,0.6,0,C,0.6,True,11,True,inf
29,0.7,1,C,0.85,True,11,True,inf
29,0.8,1,C,0.85,True,11,True,inf
29,0.9,6,C,0.9,True,11,True,inf
290,0.6,0,A,1.0,True,11,True,inf
290,0.7,0,A,1.0,True,11,True,inf
290,0.8,0,A,1.0,True,11,True,inf
290,0.9,0,A,1.0,True,11,True,inf
291,0.6,1,A,0.7,True,11,True,inf
291,0.7,1,A,0.7,True,11,True,inf
291,0.8,7,A,1.0,True,11,True,inf
291,0.9,7,A,1.0,True,11,True,inf
292,0.6,1,C,0.85,True,11,True,inf
292,0.7,1,C,0.85,True,11,True,inf
292,0.8,1,C,0.85,True,11,True,inf
292,0.9,8,C,0.9,True,11,True,inf
293,0.6,0,B,0.85,False,11,True,inf
293,0.7,0,B,0.85,False,11,True,inf
293,0.8,0,B,0.85,False,11,True,inf
293,0.9,8,B,0.9,False,11,True,inf
294,0.6,0,A,1.0,True,11,True,inf
294,0.7,0,A,1.0,True,11,True,inf
294,0.8,0,A,1.0,True,11,True,inf
294,0.9,0,A,1.0,True,11,True,inf
295,0.6,0,C,1.0,True,11,True,0.0
295,0.7,0,C,1.0,True,11,True,0.0
295,0.8,0,C,1.0,True,11,True,0.0
295,0.9,0,C,1.0,True,11,True,0.0
296,0.6,0,C,0.85,False,11,True,inf
296,0.7,0,C,0.85,False,11,True,inf
296,0.8,0,C,0.85,False,11,True,inf
296,0.9,8,D,0.9,True,11,True,inf
297,0.6,0,C,0.6,False,11,True,inf
297,0.7,5,A,0.8,True,11,True,inf
297,0.8,5,A,0.8,True,11,True,inf
297,0.9,10,D,1.0,False,11,False,inf
298,0.6,0,B,1.0,True,11,True,0.0
298,0.7,0,B,1.0,True,11,True,0.0
298,0.8,0,B,1.0,True,11,True,0.0
298,0.9,0,B,1.0,True,11,True,0.0
299,0.6,0,B,0.85,True,11,True,inf
299,0.7,0,B,0.85,True,11,True,inf
299,0.8,0,B,0.85,True,11,True,inf
299,0.9,1,B,1.0,True,11,True,inf
3,0.6,0,D,1.0,True,11,True,inf
3,0.7,0,D,1.0,True,11,True,inf
3,0.8,0,D,1.0,True,11,True,inf
3,0.9,0,D,1.0,True,11,True,inf
30,0.6,0,C,0.6,False,11,True,inf
30,0.7,1,C,0.8,False,11,True,inf
30,0.8,1,C,0.8,False,11,True,inf
30,0.9,3,D,1.0,True,11,True,inf
300,0.6,1,A,0.7,True,11,True,inf
300,0.7,1,A,0.7,True,11,True,inf
300,0.8,2,A,0.95,True,11,True,inf
300,0.9,2,A,0.95,True,11,True,inf
301,0.6,2,A,0.8,True,11,True,inf
301,0.7,2,A,0.8,True,11,True,inf
301,0.8,2,A,0.8,True,11,True,inf
301,0.9,7,A,1.0,True,11,True,inf
302,0.6,0,C,0.7,True,11,True,inf
302,0.7,0,C,0.7,True,11,True,inf
302,0.8,2,C,0.8,True,11,True,inf
302,0.9,3,C,0.9999999999999998,True,11,True,inf
303,0.6,0,A,1.0,True,11,True,inf
303,0.7,0,A,1.0,True,11,True,inf
303,0.8,0,A,1.0,True,11,True,inf
303,0.9,0,A,1.0,True,11,True,inf
304,0.6,0,A,0.95,True,11,True,inf
304,0.7,0,A,0.95,True,11,True,inf
304,0.8,0,A,0.95,True,11,True,inf
304,0.9,0,A,0.95,True,11,True,inf
305,0.6,1,C,0.9,True,11,True,inf
305,0.7,1,C,0.9,True,11,True,inf
305,0.8,1,C,0.9,True,11,True,inf
305,0.9,1,C,0.9,True,11,True,inf
306,0.6,1,D,0.8,True,11,True,inf
306,0.7,1,D,0.8,True,11,True,inf
306,0.8,1,D,0.8,True,11,True,inf
306,0.9,2,D,1.0,True,11,True,inf
307,0.6,2,A,0.8,True,11,True,inf
307,0.7,2,A,0.8,True,11,True,inf
307,0.8,2,A,0.8,True,11,True,inf
307,0.9,4,A,0.9,True,11,True,inf
308,0.6,2,D,1.0,False,11,True,inf
308,0.7,2,D,1.0,False,11,True,inf
308,0.8,2,D,1.0,False,11,True,inf
308,0.9,2,D,1.0,False,11,True,inf
309,0.6,0,C,1.0,True,11,True,inf
309,0.7,0,C,1.0,True,11,True,inf
309,0.8,0,C,1.0,True,11,True,inf
309,0.9,0,C,1.0,True,11,True,inf
31,0.6,1,D,1.0,True,11,True,inf
31,0.7,1,D,1.0,True,11,True,inf
31,0.8,1,D,1.0,True,11,True,inf
31,0.9,1,D,1.0,True,11,True,inf
310,0.6,4,A,0.6,True,11,True,inf
310,0.7,6,A,0.9,True,11,True,inf
310,0.8,6,A,0.9,True,11,True,inf
310,0.9,6,A,0.9,True,11,True,inf
311,0.6,1,C,0.8,True,11,True,inf
311,0.7,1,C,0.8,True,11,True,inf
311,0.8,1,C,0.8,True,11,True,inf
311,0.9,2,C,1.0,True,11,True,inf
312,0.6,1,C,0.75,False,11,True,inf
312,0.7,1,C,0.75,False,11,True,inf
312,0.8,3,D,0.8,True,11,True,inf
312,0.9,5,D,1.0,True,11,True,inf
313,0.6,1,B,1.0,True,11,True,0.0823326727529475
313,0.7,1,B,1.0,True,11,True,0.0823326727529475
313,0.8,1,B,1.0,True,11,True,0.0823326727529475
313,0.9,1,B,1.0,True,11,True,0.0823326727529475
314,0.6,0,C,1.0,True,11,True,0.0
314,0.7,0,C,1.0,True,11,True,0.0
314,0.8,0,C,1.0,True,11,True,0.0
314,0.9,0,C,1.0,True,11,True,0.0
315,0.6,1,B,0.8,True,11,True,inf
315,0.7,1,B,0.8,True,11,True,inf
315,0.8,1,B,0.8,True,11,True,inf
315,0.9,4,B,0.9,True,11,True,inf
316,0.6,2,B,0.6,True,11,True,inf
316,0.7,3,C,0.7,False,11,True,inf
316,0.8,4,B,0.85,True,11,True,inf
316,0.9,7,D,1.0,False,11,True,inf
317,0.6,0,B,0.6,True,11,True,inf
317,0.7,2,B,0.7,True,11,True,inf
317,0.8,6,B,0.8,True,11,True,inf
317,0.9,7,B,1.0,True,11,True,inf
318,0.6,0,D,1.0,True,11,True,inf
318,0.7,0,D,1.0,True,11,True,inf
318,0.8,0,D,1.0,True,11,True,inf
318,0.9,0,D,1.0,True,11,True,inf
319,0.6,0,D,0.7,False,11,True,inf
319,0.7,0,D,0.7,False,11,True,inf
319,0.8,4,A,0.8,True,11,True,inf
319,0.9,10,A,0.8,True,11,False,inf
32,0.6,2,D,1.0,True,11,True,inf
32,0.7,2,D,1.0,True,11,True,inf
32,0.8,2,D,1.0,True,11,True,inf
32,0.9,2,D,1.0,True,11,True,inf
320,0.6,0,D,0.8,True,11,True,inf
320,0.7,0,D,0.8,True,11,True,inf
320,0.8,0,D,0.8,True,11,True,inf
320,0.9,8,D,1.0,True,11,True,inf
321,0.6,0,C,0.85,True,11,True,inf
321,0.7,0,C,0.85,True,11,True,inf
321,0.8,0,C,0.85,True,11,True,inf
321,0.9,2,C,1.0,True,11,True,inf
322,0.6,1,D,1.0,True,11,True,inf
322,0.7,1,D,1.0,True,11,True,inf
322,0.8,1,D,1.0,True,11,True,inf
322,0.9,1,D,1.0,True,11,True,inf
323,0.6,2,B,1.0,True,11,True,inf
323,0.7,2,B,1.0,True,11,True,inf
323,0.8,2,B,1.0,True,11,True,inf
323,0.9,2,B,1.0,True,11,True,inf
324,0.6,3,C,0.7,True,11,True,inf
324,0.7,3,C,0.7,True,11,True,inf
324,0.8,6,C,1.0,True,11,True,inf
324,0.9,6,C,1.0,True,11,True,inf
325,0.6,0,D,0.7,True,11,True,inf
325,0.7,0,D,0.7,True,11,True,inf
325,0.8,2,D,0.88,True,11,True,inf
325,0.9,3,D,1.0,True,11,True,inf
326,0.6,4,A,0.6,True,11,True,inf
326,0.7,5,A,0.8,True,11,True,inf
326,0.8,5,A,0.8,True,11,True,inf
326,0.9,6,A,1.0,True,11,True,inf
327,0.6,0,B,1.0,True,11,True,inf
327,0.7,0,B,1.0,True,11,True,inf
327,0.8,0,B,1.0,True,11,True,inf
327,0.9,0,B,1.0,True,11,True,inf
328,0.6,1,C,0.8,True,11,True,inf
328,0.7,1,C,0.8,True,11,True,inf
328,0.8,1,C,0.8,True,11,True,inf
328,0.9,4,C,0.9,True,11,True,inf
329,0.6,0,B,0.75,True,11,True,inf
329,0.7,0,B,0.75,True,11,True,inf
329,0.8,2,B,0.8,True,11,True,inf
329,0.9,10,B,1.0,True,11,False,inf
33,0.6,1,C,1.0,True,11,True,inf
33,0.7,1,C,1.0,True,11,True,inf
33,0.8,1,C,1.0,True,11,True,inf
33,0.9,1,C,1.0,True,11,True,inf
330,0.6,0,C,1.0,True,11,True,inf
330,0.7,0,C,1.0,True,11,True,inf
330,0.8,0,C,1.0,True,11,True,inf
330,0.9,0,C,1.0,True,11,True,inf
331,0.6,0,D,1.0,False,11,True,inf
331,0.7,0,D,1.0,False,11,True,inf
331,0.8,0,D,1.0,False,11,True,inf
331,0.9,0,D,1.0,False,11,True,inf
332,0.6,0,B,0.8,False,11,True,inf
332,0.7,0,B,0.8,False,11,True,inf
332,0.8,0,B,0.8,False,11,True,inf
332,0.9,3,C,1.0,True,11,True,inf
333,0.6,1,B,0.7,True,11,True,inf
333,0.7,1,B,0.7,True,11,True,inf
333,0.8,4,B,1.0,True,11,True,inf
333,0.9,4,B,1.0,True,11,True,inf
334,0.6,0,D,0.7,False,11,True,inf
334,0.7,0,D,0.7,False,11,True,inf
334,0.8,1,C,1.0,True,11,True,inf
334,0.9,1,C,1.0,True,11,True,inf
335,0.6,0,C,1.0,True,11,True,inf
335,0.7,0,C,1.0,True,11,True,inf
335,0.8,0,C,1.0,True,11,True,inf
335,0.9,0,C,1.0,True,11,True,inf
336,0.6,1,C,1.0,True,11,True,inf
336,0.7,1,C,1.0,True,11,True,inf
336,0.8,1,C,1.0,True,11,True,inf
336,0.9,1,C,1.0,True,11,True,inf
337,0.6,0,B,1.0,True,11,True,inf
337,0.7,0,B,1.0,True,11,True,inf
337,0.8,0,B,1.0,True,11,True,inf
337,0.9,0,B,1.0,True,11,True,inf
338,0.6,0,A,1.0,False,11,True,inf
338,0.7,0,A,1.0,False,11,True,inf
338,0.8,0,A,1.0,False,11,True,inf
338,0.9,0,A,1.0,False,11,True,inf
339,0.6,0,C,1.0,True,11,True,inf
339,0.7,0,C,1.0,True,11,True,inf
339,0.8,0,C,1.0,True,11,True,inf
339,0.9,0,C,1.0,True,11,True,inf
34,0.6,2,B,0.6,False,11,True,inf
34,0.7,4,A,0.8,True,11,True,inf
34,0.8,4,A,0.8,True,11,True,inf
34,0.9,7,A,0.9,True,11,True,inf
340,0.6,1,C,1.0,False,11,True,inf
340,0.7,1,C,1.0,False,11,True,inf
340,0.8,1,C,1.0,False,11,True,inf
340,0.9,1,C,1.0,False,11,True,inf
341,0.6,1,D,1.0,True,11,True,inf
341,0.7,1,D,1.0,True,11,True,inf
341,0.8,1,D,1.0,True,11,True,inf
341,0.9,1,D,1.0,True,11,True,inf
342,0.6,1,A,0.8,False,11,True,inf
342,0.7,1,A,0.8,False,11,True,inf
342,0.8,1,A,0.8,False,11,True,inf
342,0.9,4,C,1.0,True,11,True,inf
343,0.6,0,A,0.95,True,11,True,inf
343,0.7,0,A,0.95,True,11,True,inf
343,0.8,0,A,0.95,True,11,True,inf
343,0.9,0,A,0.95,True,11,True,inf
344,0.6,0,A,1.0,True,11,True,inf
344,0.7,0,A,1.0,True,11,True,inf
344,0.8,0,A,1.0,True,11,True,inf
344,0.9,0,A,1.0,True,11,True,inf
345,0.6,0,C,0.65,False,11,True,inf
345,0.7,2,C,0.8,False,11,True,inf
345,0.8,2,C,0.8,False,11,True,inf
345,0.9,3,C,1.0,False,11,True,inf
346,0.6,1,C,1.0,True,11,True,inf
346,0.7,1,C,1.0,True,11,True,inf
346,0.8,1,C,1.0,True,11,True,inf
346,0.9,1,C,1.0,True,11,True,inf
347,0.6,2,D,1.0,True,11,True,inf
347,0.7,2,D,1.0,True,11,True,inf
347,0.8,2,D,1.0,True,11,True,inf
347,0.9,2,D,1.0,True,11,True,inf
348,0.6,1,C,0.6666666666666666,False,11,True,inf
348,0.7,3,C,0.7,False,11,True,inf
348,0.8,4,D,1.0,False,11,True,inf
348,0.9,4,D,1.0,False,11,True,inf
349,0.6,2,D,1.0,True,11,True,inf
349,0.7,2,D,1.0,True,11,True,inf
349,0.8,2,D,1.0,True,11,True,inf
349,0.9,2,D,1.0,True,11,True,inf
35,0.6,0,C,0.9,True,11,True,inf
35,0.7,0,C,0.9,True,11,True,inf
35,0.8,0,C,0.9,True,11,True,inf
35,0.9,0,C,0.9,True,11,True,inf
350,0.6,1,A,1.0,True,11,True,inf
350,0.7,1,A,1.0,True,11,True,inf
350,0.8,1,A,1.0,True,11,True,inf
350,0.9,1,A,1.0,True,11,True,inf
351,0.6,0,C,0.6923692369236923,True,11,True,inf
351,0.7,3,C,0.9,True,11,True,inf
351,0.8,3,C,0.9,True,11,True,inf
351,0.9,3,C,0.9,True,11,True,inf
352,0.6,0,C,0.7,True,11,True,inf
352,0.7,0,C,0.7,True,11,True,inf
352,0.8,1,C,0.8,True,11,True,inf
352,0.9,2,C,1.0,True,11,True,inf
353,0.6,0,C,0.85,True,11,True,0.00361546512814306
353,0.7,0,C,0.85,True,11,True,0.00361546512814306
353,0.8,0,C,0.85,True,11,True,0.00361546512814306
353,0.9,1,C,1.0,True,11,True,0.00361546512814306
354,0.6,2,C,1.0,True,11,True,inf
354,0.7,2,C,1.0,True,11,True,inf
354,0.8,2,C,1.0,True,11,True,inf
354,0.9,2,C,1.0,True,11,True,inf
355,0.6,2,D,1.0,False,11,True,inf
355,0.7,2,D,1.0,False,11,True,inf
355,0.8,2,D,1.0,False,11,True,inf
355,0.9,2,D,1.0,False,11,True,inf
356,0.6,0,D,1.0,True,11,True,inf
356,0.7,0,D,1.0,True,11,True,inf
356,0.8,0,D,1.0,True,11,True,inf
356,0.9,0,D,1.0,True,11,True,inf
357,0.6,0,D,1.0,True,11,True,0.012500320340903178
357,0.7,0,D,1.0,True,11,True,0.012500320340903178
357,0.8,0,D,1.0,True,11,True,0.012500320340903178
357,0.9,0,D,1.0,True,11,True,0.012500320340903178
358,0.6,0,C,1.0,True,11,True,inf
358,0.7,0,C,1.0,True,11,True,inf
358,0.8,0,C,1.0,True,11,True,inf
358,0.9,0,C,1.0,True,11,True,inf
359,0.6,1,D,1.0,True,11,True,inf
359,0.7,1,D,1.0,True,11,True,inf
359,0.8,1,D,1.0,True,11,True,inf
359,0.9,1,D,1.0,True,11,True,inf
36,0.6,0,A,0.7,False,11,True,inf
36,0.7,0,A,0.7,False,11,True,inf
36,0.8,3,C,1.0,True,11,True,inf
36,0.9,3,C,1.0,True,11,True,inf
360,0.6,0,C,1.0,True,11,True,inf
360,0.7,0,C,1.0,True,11,True,inf
360,0.8,0,C,1.0,True,11,True,inf
360,0.9,0,C,1.0,True,11,True,inf
361,0.6,0,D,0.7,True,11,True,inf
361,0.7,0,D,0.7,True,11,True,inf
361,0.8,2,D,1.0,True,11,True,inf
361,0.9,2,D,1.0,True,11,True,inf
362,0.6,0,C,0.6,True,11,True,inf
362,0.7,2,C,1.0,True,11,True,inf
362,0.8,2,C,1.0,True,11,True,inf
362,0.9,2,C,1.0,True,11,True,inf
363,0.6,3,B,0.8,False,11,True,inf
363,0.7,3,B,0.8,False,11,True,inf
363,0.8,3,B,0.8,False,11,True,inf
363,0.9,10,A,0.7,True,11,False,inf
364,0.6,3,B,0.7,True,11,True,inf
364,0.7,3,B,0.7,True,11,True,inf
364,0.8,4,B,1.0,True,11,True,inf
364,0.9,4,B,1.0,True,11,True,inf
365,0.6,0,C,1.0,True,11,True,inf
365,0.7,0,C,1.0,True,11,True,inf
365,0.8,0,C,1.0,True,11,True,inf
365,0.9,0,C,1.0,True,11,True,inf
366,0.6,3,D,1.0,True,11,True,inf
366,0.7,3,D,1.0,True,11,True,inf
366,0.8,3,D,1.0,True,11,True,inf
366,0.9,3,D,1.0,True,11,True,inf
367,0.6,1,C,1.0,True,11,True,inf
367,0.7,1,C,1.0,True,11,True,inf
367,0.8,1,C,1.0,True,11,True,inf
367,0.9,1,C,1.0,True,11,True,inf
368,0.6,2,B,0.6,True,11,True,inf
368,0.7,4,D,0.85,False,11,True,inf
368,0.8,4,D,0.85,False,11,True,inf
368,0.9,5,B,0.9,True,11,True,inf
369,0.6,2,D,1.0,True,11,True,inf
369,0.7,2,D,1.0,True,11,True,inf
369,0.8,2,D,1.0,True,11,True,inf
369,0.9,2,D,1.0,True,11,True,inf
37,0.6,0,A,1.0,True,11,True,inf
37,0.7,0,A,1.0,True,11,True,inf
37,0.8,0,A,1.0,True,11,True,inf
37,0.9,0,A,1.0,True,11,True,inf
370,0.6,0,D,1.0,False,11,True,inf
370,0.7,0,D,1.0,False,11,True,inf
370,0.8,0,D,1.0,False,11,True,inf
370,0.9,0,D,1.0,False,11,True,inf
371,0.6,0,A,0.99,True,11,True,inf
371,0.7,0,A,0.99,True,11,True,inf
371,0.8,0,A,0.99,True,11,True,inf
371,0.9,0,A,0.99,True,11,True,inf
372,0.6,0,A,0.625,False,11,True,inf
372,0.7,2,D,0.95,False,11,True,inf
372,0.8,2,D,0.95,False,11,True,inf
372,0.9,2,D,0.95,False,11,True,inf
373,0.6,0,C,0.85,False,11,True,inf
373,0.7,0,C,0.85,False,11,True,inf
373,0.8,0,C,0.85,False,11,True,inf
373,0.9,6,B,0.9,True,11,True,inf
374,0.6,0,B,0.7,False,11,True,inf
374,0.7,0,B,0.7,False,11,True,inf
374,0.8,1,D,1.0,True,11,True,inf
374,0.9,1,D,1.0,True,11,True,inf
375,0.6,1,D,1.0,False,11,True,inf
375,0.7,1,D,1.0,False,11,True,inf
375,0.8,1,D,1.0,False,11,True,inf
375,0.9,1,D,1.0,False,11,True,inf
376,0.6,0,C,0.85,True,11,True,inf
376,0.7,0,C,0.85,True,11,True,inf
376,0.8,0,C,0.85,True,11,True,inf
376,0.9,2,C,0.95,True,11,True,inf
377,0.6,1,A,0.8,True,11,True,inf
377,0.7,1,A,0.8,True,11,True,inf
377,0.8,1,A,0.8,True,11,True,inf
377,0.9,5,A,0.95,True,11,True,inf
378,0.6,0,A,0.99,True,11,True,inf
378,0.7,0,A,0.99,True,11,True,inf
378,0.8,0,A,0.99,True,11,True,inf
378,0.9,0,A,0.99,True,11,True,inf
379,0.6,0,B,0.6,False,11,True,inf
379,0.7,5,D,0.9997,True,11,True,inf
379,0.8,5,D,0.9997,True,11,True,inf
379,0.9,5,D,0.9997,True,11,True,inf
38,0.6,1,D,1.0,False,11,True,inf
38,0.7,1,D,1.0,False,11,True,inf
38,0.8,1,D,1.0,False,11,True,inf
38,0.9,1,D,1.0,False,11,True,inf
380,0.6,1,C,1.0,True,11,True,inf
380,0.7,1,C,1.0,True,11,True,inf
380,0.8,1,C,1.0,True,11,True,inf
380,0.9,1,C,1.0,True,11,True,inf
381,0.6,0,C,0.6,True,11,True,inf
381,0.7,1,C,0.95,True,11,True,inf
381,0.8,1,C,0.95,True,11,True,inf
381,0.9,1,C,0.95,True,11,True,inf
382,0.6,0,D,1.0,True,11,True,inf
382,0.7,0,D,1.0,True,11,True,inf
382,0.8,0,D,1.0,True,11,True,inf
382,0.9,0,D,1.0,True,11,True,inf
383,0.6,0,D,1.0,True,11,True,inf
383,0.7,0,D,1.0,True,11,True,inf
383,0.8,0,D,1.0,True,11,True,inf
383,0.9,0,D,1.0,True,11,True,inf
384,0.6,0,B,0.7,False,11,True,inf
384,0.7,0,B,0.7,False,11,True,inf
384,0.8,3,D,1.0,True,11,True,inf
384,0.9,3,D,1.0,True,11,True,inf
385,0.6,4,B,0.9,True,11,True,inf
385,0.7,4,B,0.9,True,11,True,inf
385,0.8,4,B,0.9,True,11,True,inf
385,0.9,4,B,0.9,True,11,True,inf
386,0.6,2,C,0.8,True,11,True,inf
386,0.7,2,C,0.8,True,11,True,inf
386,0.8,2,C,0.8,True,11,True,inf
386,0.9,5,C,1.0,True,11,True,inf
387,0.6,0,C,0.6,False,11,True,inf
387,0.7,1,B,0.7,False,11,True,inf
387,0.8,10,B,0.7,False,11,False,inf
387,0.9,10,B,0.7,False,11,False,inf
388,0.6,0,B,1.0,True,11,True,inf
388,0.7,0,B,1.0,True,11,True,inf
388,0.8,0,B,1.0,True,11,True,inf
388,0.9,0,B,1.0,True,11,True,inf
389,0.6,0,D,0.85,True,11,True,inf
389,0.7,0,D,0.85,True,11,True,inf
389,0.8,0,D,0.85,True,11,True,inf
389,0.9,2,D,1.0,True,11,True,inf
39,0.6,0,A,1.0,True,11,True,inf
39,0.7,0,A,1.0,True,11,True,inf
39,0.8,0,A,1.0,True,11,True,inf
39,0.9,0,A,1.0,True,11,True,inf
390,0.6,0,D,1.0,False,11,True,inf
390,0.7,0,D,1.0,False,11,True,inf
390,0.8,0,D,1.0,False,11,True,inf
390,0.9,0,D,1.0,False,11,True,inf
391,0.6,0,A,0.6,False,11,True,inf
391,0.7,3,D,1.0,True,11,True,inf
391,0.8,3,D,1.0,True,11,True,inf
391,0.9,3,D,1.0,True,11,True,inf
392,0.6,3,B,0.743297318927571,True,11,True,inf
392,0.7,3,B,0.743297318927571,True,11,True,inf
392,0.8,7,B,1.0,True,11,True,inf
392,0.9,7,B,1.0,True,11,True,inf
393,0.6,0,B,0.8,True,11,True,inf
393,0.7,0,B,0.8,True,11,True,inf
393,0.8,0,B,0.8,True,11,True,inf
393,0.9,2,B,0.95,True,11,True,inf
394,0.6,0,A,0.75,False,11,True,inf
394,0.7,0,A,0.75,False,11,True,inf
394,0.8,1,A,0.9,False,11,True,inf
394,0.9,1,A,0.9,False,11,True,inf
395,0.6,3,A,0.8,True,11,True,inf
395,0.7,3,A,0.8,True,11,True,inf
395,0.8,3,A,0.8,True,11,True,inf
395,0.9,5,A,1.0,True,11,True,inf
396,0.6,0,B,1.0,True,11,True,inf
396,0.7,0,B,1.0,True,11,True,inf
396,0.8,0,B,1.0,True,11,True,inf
396,0.9,0,B,1.0,True,11,True,inf
397,0.6,1,A,1.0,True,11,True,inf
397,0.7,1,A,1.0,True,11,True,inf
397,0.8,1,A,1.0,True,11,True,inf
397,0.9,1,A,1.0,True,11,True,inf
398,0.6,2,B,1.0,True,11,True,inf
398,0.7,2,B,1.0,True,11,True,inf
398,0.8,2,B,1.0,True,11,True,inf
398,0.9,2,B,1.0,True,11,True,inf
399,0.6,0,D,0.8,True,11,True,inf
399,0.7,0,D,0.8,True,11,True,inf
399,0.8,0,D,0.8,True,11,True,inf
399,0.9,3,D,1.0,True,11,True,inf
4,0.6,0,C,0.631578947368421,False,11,True,inf
4,0.7,1,B,0.85,True,11,True,inf
4,0.8,1,B,0.85,True,11,True,inf
4,0.9,8,B,0.9,True,11,True,inf
40,0.6,1,B,0.85,True,11,True,0.2744053179868567
40,0.7,1,B,0.85,True,11,True,0.2744053179868567
40,0.8,1,B,0.85,True,11,True,0.2744053179868567
40,0.9,3,B,0.9,True,11,True,0.2744053179868567
400,0.6,1,B,0.7,True,11,True,inf
400,0.7,1,B,0.7,True,11,True,inf
400,0.8,3,B,1.0,True,11,True,inf
400,0.9,3,B,1.0,True,11,True,inf
401,0.6,0,A,0.8,True,11,True,inf
401,0.7,0,A,0.8,True,11,True,inf
401,0.8,0,A,0.8,True,11,True,inf
401,0.9,8,A,1.0,True,11,True,inf
402,0.6,1,D,0.8,False,11,True,inf
402,0.7,1,D,0.8,False,11,True,inf
402,0.8,1,D,0.8,False,11,True,inf
402,0.9,4,B,0.9,True,11,True,inf
403,0.6,1,D,0.75,True,11,True,inf
403,0.7,1,D,0.75,True,11,True,inf
403,0.8,3,D,1.0,True,11,True,inf
403,0.9,3,D,1.0,True,11,True,inf
404,0.6,0,D,1.0,True,11,True,0.0
404,0.7,0,D,1.0,True,11,True,0.0
404,0.8,0,D,1.0,True,11,True,0.0
404,0.9,0,D,1.0,True,11,True,0.0
405,0.6,0,C,0.8421052631578947,False,11,True,inf
405,0.7,0,C,0.8421052631578947,False,11,True,inf
405,0.8,0,C,0.8421052631578947,False,11,True,inf
405,0.9,10,A,0.9,True,11,False,inf
406,0.6,0,A,0.7,True,11,True,inf
406,0.7,0,A,0.7,True,11,True,inf
406,0.8,1,A,0.8,True,11,True,inf
406,0.9,4,A,0.95,True,11,True,inf
407,0.6,1,D,1.0,True,11,True,inf
407,0.7,1,D,1.0,True,11,True,inf
407,0.8,1,D,1.0,True,11,True,inf
407,0.9,1,D,1.0,True,11,True,inf
408,0.6,0,C,0.9,True,11,True,inf
408,0.7,0,C,0.9,True,11,True,inf
408,0.8,0,C,0.9,True,11,True,inf
408,0.9,0,C,0.9,True,11,True,inf
409,0.6,1,B,1.0,False,11,True,inf
409,0.7,1,B,1.0,False,11,True,inf
409,0.8,1,B,1.0,False,11,True,inf
409,0.9,1,B,1.0,False,11,True,inf
41,0.6,1,C,0.75,True,11,True,inf
41,0.7,1,C,0.75,True,11,True,inf
41,0.8,2,C,1.0,True,11,True,inf
41,0.9,2,C,1.0,True,11,True,inf
410,0.6,0,A,1.0,True,11,True,inf
410,0.7,0,A,1.0,True,11,True,inf
410,0.8,0,A,1.0,True,11,True,inf
410,0.9,0,A,1.0,True,11,True,inf
411,0.6,0,A,1.0,True,11,True,inf
411,0.7,0,A,1.0,True,11,True,inf
411,0.8,0,A,1.0,True,11,True,inf
411,0.9,0,A,1.0,True,11,True,inf
412,0.6,0,B,1.0,True,11,True,0.0
412,0.7,0,B,1.0,True,11,True,0.0
412,0.8,0,B,1.0,True,11,True,0.0
412,0.9,0,B,1.0,True,11,True,0.0
413,0.6,0,B,0.6,True,11,True,inf
413,0.7,1,B,0.95,True,11,True,inf
413,0.8,1,B,0.95,True,11,True,inf
413,0.9,1,B,0.95,True,11,True,inf
414,0.6,3,A,0.6,True,11,True,inf
414,0.7,4,A,0.9,True,11,True,inf
414,0.8,4,A,0.9,True,11,True,inf
414,0.9,4,A,0.9,True,11,True,inf
415,0.6,0,D,1.0,True,11,True,0.0
415,0.7,0,D,1.0,True,11,True,0.0
415,0.8,0,D,1.0,True,11,True,0.0
415,0.9,0,D,1.0,True,11,True,0.0
416,0.6,2,B,0.8,True,11,True,inf
416,0.7,2,B,0.8,True,11,True,inf
416,0.8,2,B,0.8,True,11,True,inf
416,0.9,4,B,1.0,True,11,True,inf
417,0.6,3,C,0.85,True,11,True,inf
417,0.7,3,C,0.85,True,11,True,inf
417,0.8,3,C,0.85,True,11,True,inf
417,0.9,4,D,1.0,False,11,True,inf
418,0.6,1,D,0.65,True,11,True,inf
418,0.7,2,D,0.75,True,11,True,inf
418,0.8,3,D,0.84,True,11,True,inf
418,0.9,4,D,1.0,True,11,True,inf
419,0.6,1,C,0.7,True,11,True,inf
419,0.7,1,C,0.7,True,11,True,inf
419,0.8,2,C,1.0,True,11,True,inf
419,0.9,2,C,1.0,True,11,True,inf
42,0.6,0,D,0.75,True,11,True,inf
42,0.7,0,D,0.75,True,11,True,inf
42,0.8,1,D,1.0,True,11,True,inf
42,0.9,1,D,1.0,True,11,True,inf
420,0.6,3,D,0.6,True,11,True,inf
420,0.7,5,D,1.0,True,11,True,inf
420,0.8,5,D,1.0,True,11,True,inf
420,0.9,5,D,1.0,True,11,True,inf
421,0.6,5,A,0.9,True,11,True,inf
421,0.7,5,A,0.9,True,11,True,inf
421,0.8,5,A,0.9,True,11,True,inf
421,0.9,5,A,0.9,True,11,True,inf
422,0.6,0,B,0.7,True,11,True,inf
422,0.7,0,B,0.7,True,11,True,inf
422,0.8,3,B,0.95,True,11,True,inf
422,0.9,3,B,0.95,True,11,True,inf
423,0.6,1,A,0.6,True,11,True,inf
423,0.7,2,A,0.7,True,11,True,inf
423,0.8,3,A,0.95,True,11,True,inf
423,0.9,3,A,0.95,True,11,True,inf
424,0.6,1,C,0.6,False,11,True,inf
424,0.7,3,B,0.7,True,11,True,inf
424,0.8,6,B,0.8,True,11,True,inf
424,0.9,8,B,0.9,True,11,True,inf
425,0.6,2,D,1.0,False,11,True,inf
425,0.7,2,D,1.0,False,11,True,inf
425,0.8,2,D,1.0,False,11,True,inf
425,0.9,2,D,1.0,False,11,True,inf
426,0.6,1,C,1.0,True,11,True,0.0
426,0.7,1,C,1.0,True,11,True,0.0
426,0.8,1,C,1.0,True,11,True,0.0
426,0.9,1,C,1.0,True,11,True,0.0
427,0.6,0,D,0.6,False,11,True,inf
427,0.7,5,A,0.7,True,11,True,inf
427,0.8,10,A,0.9,True,11,False,inf
427,0.9,10,A,0.9,True,11,False,inf
428,0.6,0,C,0.85,True,11,True,inf
428,0.7,0,C,0.85,True,11,True,inf
428,0.8,0,C,0.85,True,11,True,inf
428,0.9,5,C,1.0,True,11,True,inf
429,0.6,0,D,1.0,True,11,True,inf
429,0.7,0,D,1.0,True,11,True,inf
429,0.8,0,D,1.0,True,11,True,inf
429,0.9,0,D,1.0,True,11,True,inf
43,0.6,1,B,0.7,False,11,True,inf
43,0.7,1,B,0.7,False,11,True,inf
43,0.8,7,D,1.0,False,11,True,inf
43,0.9,7,D,1.0,False,11,True,inf
430,0.6,0,B,1.0,True,11,True,0.0
430,0.7,0,B,1.0,True,11,True,0.0
430,0.8,0,B,1.0,True,11,True,0.0
430,0.9,0,B,1.0,True,11,True,0.0
431,0.6,2,A,0.85,True,11,True,inf
431,0.7,2,A,0.85,True,11,True,inf
431,0.8,2,A,0.85,True,11,True,inf
431,0.9,5,A,0.9,True,11,True,inf
432,0.6,1,C,0.8,False,11,True,inf
432,0.7,1,C,0.8,False,11,True,inf
432,0.8,1,C,0.8,False,11,True,inf
432,0.9,3,D,1.0,True,11,True,inf
433,0.6,0,B,1.0,True,11,True,0.0
433,0.7,0,B,1.0,True,11,True,0.0
433,0.8,0,B,1.0,True,11,True,0.0
433,0.9,0,B,1.0,True,11,True,0.0
434,0.6,0,C,0.85,True,11,True,inf
434,0.7,0,C,0.85,True,11,True,inf
434,0.8,0,C,0.85,True,11,True,inf
434,0.9,3,C,0.95,True,11,True,inf
435,0.6,0,D,1.0,True,11,True,inf
435,0.7,0,D,1.0,True,11,True,inf
435,0.8,0,D,1.0,True,11,True,inf
435,0.9,0,D,1.0,True,11,True,inf
436,0.6,0,C,0.6,True,11,True,inf
436,0.7,2,C,1.0,True,11,True,inf
436,0.8,2,C,1.0,True,11,True,inf
436,0.9,2,C,1.0,True,11,True,inf
437,0.6,0,B,1.0,True,11,True,inf
437,0.7,0,B,1.0,True,11,True,inf
437,0.8,0,B,1.0,True,11,True,inf
437,0.9,0,B,1.0,True,11,True,inf
438,0.6,0,D,1.0,True,11,True,0.0
438,0.7,0,D,1.0,True,11,True,0.0
438,0.8,0,D,1.0,True,11,True,0.0
438,0.9,0,D,1.0,True,11,True,0.0
439,0.6,3,C,0.8,True,11,True,inf
439,0.7,3,C,0.8,True,11,True,inf
439,0.8,3,C,0.8,True,11,True,inf
439,0.9,4,C,1.0,True,11,True,inf
44,0.6,3,B,0.8,True,11,True,inf
44,0.7,3,B,0.8,True,11,True,inf
44,0.8,3,B,0.8,True,11,True,inf
44,0.9,4,B,0.9,True,11,True,inf
440,0.6,1,A,0.8,True,11,True,inf
440,0.7,1,A,0.8,True,11,True,inf
440,0.8,1,A,0.8,True,11,True,inf
440,0.9,3,A,0.9,True,11,True,inf
441,0.6,0,D,1.0,True,11,True,0.15992325761820655
441,0.7,0,D,1.0,True,11,True,0.15992325761820655
441,0.8,0,D,1.0,True,11,True,0.15992325761820655
441,0.9,0,D,1.0,True,11,True,0.15992325761820655
442,0.6,0,A,0.99,True,11,True,inf
442,0.7,0,A,0.99,True,11,True,inf
442,0.8,0,A,0.99,True,11,True,inf
442,0.9,0,A,0.99,True,11,True,inf
443,0.6,2,D,0.75,True,11,True,inf
443,0.7,2,D,0.75,True,11,True,inf
443,0.8,4,D,1.0,True,11,True,inf
443,0.9,4,D,1.0,True,11,True,inf
444,0.6,1,D,1.0,True,11,True,inf
444,0.7,1,D,1.0,True,11,True,inf
444,0.8,1,D,1.0,True,11,True,inf
444,0.9,1,D,1.0,True,11,True,inf
445,0.6,1,C,0.75,True,11,True,inf
445,0.7,1,C,0.75,True,11,True,inf
445,0.8,2,C,1.0,True,11,True,inf
445,0.9,2,C,1.0,True,11,True,inf
446,0.6,1,C,0.6,True,11,True,inf
446,0.7,2,C,0.8,True,11,True,inf
446,0.8,2,C,0.8,True,11,True,inf
446,0.9,3,C,1.0,True,11,True,inf
447,0.6,1,D,1.0,True,11,True,0.16167447893615516
447,0.7,1,D,1.0,True,11,True,0.16167447893615516
447,0.8,1,D,1.0,True,11,True,0.16167447893615516
447,0.9,1,D,1.0,True,11,True,0.16167447893615516
448,0.6,1,D,1.0,False,11,True,inf
448,0.7,1,D,1.0,False,11,True,inf
448,0.8,1,D,1.0,False,11,True,inf
448,0.9,1,D,1.0,False,11,True,inf
449,0.6,0,C,0.85,True,11,True,inf
449,0.7,0,C,0.85,True,11,True,inf
449,0.8,0,C,0.85,True,11,True,inf
449,0.9,2,C,0.9,True,11,True,inf
45,0.6,0,A,1.0,True,11,True,inf
45,0.7,0,A,1.0,True,11,True,inf
45,0.8,0,A,1.0,True,11,True,inf
45,0.9,0,A,1.0,True,11,True,inf
450,0.6,1,D,1.0,True,11,True,0.0
450,0.7,1,D,1.0,True,11,True,0.0
450,0.8,1,D,1.0,True,11,True,0.0
450,0.9,1,D,1.0,True,11,True,0.0
451,0.6,2,A,0.8,True,11,True,inf
451,0.7,2,A,0.8,True,11,True,inf
451,0.8,2,A,0.8,True,11,True,inf
451,0.9,9,A,0.9,True,11,True,inf
452,0.6,1,C,1.0,True,11,True,inf
452,0.7,1,C,1.0,True,11,True,inf
452,0.8,1,C,1.0,True,11,True,inf
452,0.9,1,C,1.0,True,11,True,inf
453,0.6,2,C,0.8,True,11,True,inf
453,0.7,2,C,0.8,True,11,True,inf
453,0.8,2,C,0.8,True,11,True,inf
453,0.9,4,C,1.0,True,11,True,inf
454,0.6,0,D,1.0,True,11,True,0.0
454,0.7,0,D,1.0,True,11,True,0.0
454,0.8,0,D,1.0,True,11,True,0.0
454,0.9,0,D,1.0,True,11,True,0.0
455,0.6,0,B,0.8571428571428571,True,11,True,inf
455,0.7,0,B,0.8571428571428571,True,11,True,inf
455,0.8,0,B,0.8571428571428571,True,11,True,inf
455,0.9,3,B,0.9,True,11,True,inf
456,0.6,1,B,0.7,True,11,True,inf
456,0.7,1,B,0.7,True,11,True,inf
456,0.8,2,B,0.85,True,11,True,inf
456,0.9,4,B,1.0,True,11,True,inf
457,0.6,0,C,0.6243756243756243,True,11,True,inf
457,0.7,1,C,0.7,True,11,True,inf
457,0.8,2,C,0.8,True,11,True,inf
457,0.9,3,C,1.0,True,11,True,inf
458,0.6,0,C,1.0,True,11,True,inf
458,0.7,0,C,1.0,True,11,True,inf
458,0.8,0,C,1.0,True,11,True,inf
458,0.9,0,C,1.0,True,11,True,inf
459,0.6,2,B,0.7,True,11,True,inf
459,0.7,2,B,0.7,True,11,True,inf
459,0.8,4,B,1.0,True,11,True,inf
459,0.9,4,B,1.0,True,11,True,inf
46,0.6,3,A,0.8,True,11,True,inf
46,0.7,3,A,0.8,True,11,True,inf
46,0.8,3,A,0.8,True,11,True,inf
46,0.9,7,D,1.0,False,11,True,inf
460,0.6,1,C,0.8,True,11,True,inf
460,0.7,1,C,0.8,True,11,True,inf
460,0.8,1,C,0.8,True,11,True,inf
460,0.9,6,C,1.0,True,11,True,inf
461,0.6,2,D,1.0,True,11,True,0.012500320340903178
461,0.7,2,D,1.0,True,11,True,0.012500320340903178
461,0.8,2,D,1.0,True,11,True,0.012500320340903178
461,0.9,2,D,1.0,True,11,True,0.012500320340903178
462,0.6,0,C,1.0,True,11,True,inf
462,0.7,0,C,1.0,True,11,True,inf
462,0.8,0,C,1.0,True,11,True,inf
462,0.9,0,C,1.0,True,11,True,inf
463,0.6,1,B,0.6,True,11,True,inf
463,0.7,4,B,0.7,True,11,True,inf
463,0.8,7,B,0.8,True,11,True,inf
463,0.9,9,B,0.9,True,11,True,inf
464,0.6,1,B,1.0,True,11,True,inf
464,0.7,1,B,1.0,True,11,True,inf
464,0.8,1,B,1.0,True,11,True,inf
464,0.9,1,B,1.0,True,11,True,inf
465,0.6,1,C,1.0,True,11,True,inf
465,0.7,1,C,1.0,True,11,True,inf
465,0.8,1,C,1.0,True,11,True,inf
465,0.9,1,C,1.0,True,11,True,inf
466,0.6,0,A,1.0,True,11,True,inf
466,0.7,0,A,1.0,True,11,True,inf
466,0.8,0,A,1.0,True,11,True,inf
466,0.9,0,A,1.0,True,11,True,inf
467,0.6,2,B,1.0,True,11,True,inf
467,0.7,2,B,1.0,True,11,True,inf
467,0.8,2,B,1.0,True,11,True,inf
467,0.9,2,B,1.0,True,11,True,inf
468,0.6,0,D,0.7,False,11,True,inf
468,0.7,0,D,0.7,False,11,True,inf
468,0.8,1,A,1.0,True,11,True,inf
468,0.9,1,A,1.0,True,11,True,inf
469,0.6,0,C,0.85,True,11,True,inf
469,0.7,0,C,0.85,True,11,True,inf
469,0.8,0,C,0.85,True,11,True,inf
469,0.9,1,C,1.0,True,11,True,inf
47,0.6,2,B,1.0,True,11,True,inf
47,0.7,2,B,1.0,True,11,True,inf
47,0.8,2,B,1.0,True,11,True,inf
47,0.9,2,B,1.0,True,11,True,inf
470,0.6,0,D,0.85,False,11,True,inf
470,0.7,0,D,0.85,False,11,True,inf
470,0.8,0,D,0.85,False,11,True,inf
470,0.9,3,A,0.95,True,11,True,inf
471,0.6,1,C,0.6,False,11,True,inf
471,0.7,2,C,0.8,False,11,True,inf
471,0.8,2,C,0.8,False,11,True,inf
471,0.9,5,B,1.0,True,11,True,inf
472,0.6,2,A,0.9,True,11,True,inf
472,0.7,2,A,0.9,True,11,True,inf
472,0.8,2,A,0.9,True,11,True,inf
472,0.9,2,A,0.9,True,11,True,inf
473,0.6,1,C,1.0,True,11,True,inf
473,0.7,1,C,1.0,True,11,True,inf
473,0.8,1,C,1.0,True,11,True,inf
473,0.9,1,C,1.0,True,11,True,inf
474,0.6,0,D,1.0,False,11,True,inf
474,0.7,0,D,1.0,False,11,True,inf
474,0.8,0,D,1.0,False,11,True,inf
474,0.9,0,D,1.0,False,11,True,inf
475,0.6,1,A,0.7,True,11,True,inf
475,0.7,1,A,0.7,True,11,True,inf
475,0.8,2,A,0.8,True,11,True,inf
475,0.9,5,A,0.9,True,11,True,inf
476,0.6,1,B,0.75,True,11,True,inf
476,0.7,1,B,0.75,True,11,True,inf
476,0.8,4,B,0.9,True,11,True,inf
476,0.9,4,B,0.9,True,11,True,inf
477,0.6,0,D,1.0,True,11,True,inf
477,0.7,0,D,1.0,True,11,True,inf
477,0.8,0,D,1.0,True,11,True,inf
477,0.9,0,D,1.0,True,11,True,inf
478,0.6,2,B,0.75,True,11,True,inf
478,0.7,2,B,0.75,True,11,True,inf
478,0.8,3,B,0.95,True,11,True,inf
478,0.9,3,B,0.95,True,11,True,inf
479,0.6,0,A,0.9,True,11,True,inf
479,0.7,0,A,0.9,True,11,True,inf
479,0.8,0,A,0.9,True,11,True,inf
479,0.9,0,A,0.9,True,11,True,inf
48,0.6,3,A,0.7,True,11,True,inf
48,0.7,3,A,0.7,True,11,True,inf
48,0.8,8,A,0.8,True,11,True,inf
48,0.9,10,C,0.9,False,11,False,inf
480,0.6,3,C,0.8,True,11,True,inf
480,0.7,3,C,0.8,True,11,True,inf
480,0.8,3,C,0.8,True,11,True,inf
480,0.9,4,C,1.0,True,11,True,inf
481,0.6,0,A,0.9,True,11,True,inf
481,0.7,0,A,0.9,True,11,True,inf
481,0.8,0,A,0.9,True,11,True,inf
481,0.9,0,A,0.9,True,11,True,inf
482,0.6,0,B,0.85,False,11,True,inf
482,0.7,0,B,0.85,False,11,True,inf
482,0.8,0,B,0.85,False,11,True,inf
482,0.9,10,C,0.9,True,11,False,inf
483,0.6,1,B,1.0,True,11,True,inf
483,0.7,1,B,1.0,True,11,True,inf
483,0.8,1,B,1.0,True,11,True,inf
483,0.9,1,B,1.0,True,11,True,inf
484,0.6,1,D,1.0,True,11,True,0.003015289591579898
484,0.7,1,D,1.0,True,11,True,0.003015289591579898
484,0.8,1,D,1.0,True,11,True,0.003015289591579898
484,0.9,1,D,1.0,True,11,True,0.003015289591579898
485,0.6,0,C,0.6,True,11,True,inf
485,0.7,1,C,0.8,True,11,True,inf
485,0.8,1,C,0.8,True,11,True,inf
485,0.9,7,C,0.9,True,11,True,inf
486,0.6,0,C,0.85,True,11,True,inf
486,0.7,0,C,0.85,True,11,True,inf
486,0.8,0,C,0.85,True,11,True,inf
486,0.9,1,C,1.0,True,11,True,inf
487,0.6,0,C,0.7,True,11,True,inf
487,0.7,0,C,0.7,True,11,True,inf
487,0.8,1,C,0.9,True,11,True,inf
487,0.9,1,C,0.9,True,11,True,inf
488,0.6,1,B,0.6,False,11,True,inf
488,0.7,3,C,0.7,True,11,True,inf
488,0.8,4,C,0.8,True,11,True,inf
488,0.9,5,C,1.0,True,11,True,inf
489,0.6,2,D,0.7058823529411765,False,11,True,inf
489,0.7,2,D,0.7058823529411765,False,11,True,inf
489,0.8,7,B,1.0,True,11,True,inf
489,0.9,7,B,1.0,True,11,True,inf
49,0.6,3,A,0.6,True,11,True,inf
49,0.7,4,A,0.8,True,11,True,inf
49,0.8,4,A,0.8,True,11,True,inf
49,0.9,5,A,1.0,True,11,True,inf
490,0.6,3,D,1.0,True,11,True,inf
490,0.7,3,D,1.0,True,11,True,inf
490,0.8,3,D,1.0,True,11,True,inf
490,0.9,3,D,1.0,True,11,True,inf
491,0.6,2,B,0.7,True,11,True,inf
491,0.7,2,B,0.7,True,11,True,inf
491,0.8,6,B,0.85,True,11,True,inf
491,0.9,10,A,0.9,False,11,False,inf
492,0.6,1,B,0.7,True,11,True,inf
492,0.7,1,B,0.7,True,11,True,inf
492,0.8,3,B,0.8,True,11,True,inf
492,0.9,4,B,0.9,True,11,True,inf
493,0.6,0,D,1.0,True,11,True,inf
493,0.7,0,D,1.0,True,11,True,inf
493,0.8,0,D,1.0,True,11,True,inf
493,0.9,0,D,1.0,True,11,True,inf
494,0.6,1,B,0.85,True,11,True,inf
494,0.7,1,B,0.85,True,11,True,inf
494,0.8,1,B,0.85,True,11,True,inf
494,0.9,2,B,1.0,True,11,True,inf
495,0.6,1,A,0.8,True,11,True,inf
495,0.7,1,A,0.8,True,11,True,inf
495,0.8,1,A,0.8,True,11,True,inf
495,0.9,5,A,0.95,True,11,True,inf
496,0.6,1,B,1.0,True,11,True,0.3556083256247582
496,0.7,1,B,1.0,True,11,True,0.3556083256247582
496,0.8,1,B,1.0,True,11,True,0.3556083256247582
496,0.9,1,B,1.0,True,11,True,0.3556083256247582
497,0.6,6,C,0.7,False,11,True,inf
497,0.7,6,C,0.7,False,11,True,inf
497,0.8,8,A,0.9,True,11,True,inf
497,0.9,8,A,0.9,True,11,True,inf
498,0.6,1,C,0.6,False,11,True,inf
498,0.7,4,D,0.7,True,11,True,inf
498,0.8,5,D,1.0,True,11,True,inf
498,0.9,5,D,1.0,True,11,True,inf
499,0.6,1,B,1.0,True,11,True,inf
499,0.7,1,B,1.0,True,11,True,inf
499,0.8,1,B,1.0,True,11,True,inf
499,0.9,1,B,1.0,True,11,True,inf
5,0.6,0,D,1.0,False,11,True,inf
5,0.7,0,D,1.0,False,11,True,inf
5,0.8,0,D,1.0,False,11,True,inf
5,0.9,0,D,1.0,False,11,True,inf
50,0.6,1,D,0.8,False,11,True,inf
50,0.7,1,D,0.8,False,11,True,inf
50,0.8,1,D,0.8,False,11,True,inf
50,0.9,3,D,1.0,False,11,True,inf
51,0.6,0,B,1.0,False,11,True,inf
51,0.7,0,B,1.0,False,11,True,inf
51,0.8,0,B,1.0,False,11,True,inf
51,0.9,0,B,1.0,False,11,True,inf
52,0.6,1,C,1.0,True,11,True,inf
52,0.7,1,C,1.0,True,11,True,inf
52,0.8,1,C,1.0,True,11,True,inf
52,0.9,1,C,1.0,True,11,True,inf
53,0.6,1,D,1.0,True,11,True,inf
53,0.7,1,D,1.0,True,11,True,inf
53,0.8,1,D,1.0,True,11,True,inf
53,0.9,1,D,1.0,True,11,True,inf
54,0.6,0,A,0.8,True,11,True,inf
54,0.7,0,A,0.8,True,11,True,inf
54,0.8,0,A,0.8,True,11,True,inf
54,0.9,3,A,0.9,True,11,True,inf
55,0.6,1,D,0.9,True,11,True,inf
55,0.7,1,D,0.9,True,11,True,inf
55,0.8,1,D,0.9,True,11,True,inf
55,0.9,1,D,0.9,True,11,True,inf
56,0.6,2,B,0.7,True,11,True,inf
56,0.7,2,B,0.7,True,11,True,inf
56,0.8,3,B,0.8,True,11,True,inf
56,0.9,4,B,1.0,True,11,True,inf
57,0.6,1,A,1.0,True,11,True,inf
57,0.7,1,A,1.0,True,11,True,inf
57,0.8,1,A,1.0,True,11,True,inf
57,0.9,1,A,1.0,True,11,True,inf
58,0.6,1,D,0.7,False,11,True,inf
58,0.7,1,D,0.7,False,11,True,inf
58,0.8,4,D,1.0,False,11,True,inf
58,0.9,4,D,1.0,False,11,True,inf
59,0.6,2,D,1.0,True,11,True,inf
59,0.7,2,D,1.0,True,11,True,inf
59,0.8,2,D,1.0,True,11,True,inf
59,0.9,2,D,1.0,True,11,True,inf
6,0.6,1,C,0.75,False,11,True,inf
6,0.7,1,C,0.75,False,11,True,inf
6,0.8,4,D,1.0,False,11,True,inf
6,0.9,4,D,1.0,False,11,True,inf
60,0.6,1,D,0.8,False,11,True,inf
60,0.7,1,D,0.8,False,11,True,inf
60,0.8,1,D,0.8,False,11,True,inf
60,0.9,2,D,1.0,False,11,True,inf
61,0.6,0,A,0.9,True,11,True,inf
61,0.7,0,A,0.9,True,11,True,inf
61,0.8,0,A,0.9,True,11,True,inf
61,0.9,0,A,0.9,True,11,True,inf
62,0.6,0,A,1.0,True,11,True,inf
62,0.7,0,A,1.0,True,11,True,inf
62,0.8,0,A,1.0,True,11,True,inf
62,0.9,0,A,1.0,True,11,True,inf
63,0.6,0,D,0.6,True,11,True,inf
63,0.7,2,D,1.0,True,11,True,inf
63,0.8,2,D,1.0,True,11,True,inf
63,0.9,2,D,1.0,True,11,True,inf
64,0.6,0,D,1.0,True,11,True,0.0
64,0.7,0,D,1.0,True,11,True,0.0
64,0.8,0,D,1.0,True,11,True,0.0
64,0.9,0,D,1.0,True,11,True,0.0
65,0.6,4,B,0.85,False,11,True,inf
65,0.7,4,B,0.85,False,11,True,inf
65,0.8,4,B,0.85,False,11,True,inf
65,0.9,9,B,1.0,False,11,True,inf
66,0.6,1,A,0.8,True,11,True,inf
66,0.7,1,A,0.8,True,11,True,inf
66,0.8,1,A,0.8,True,11,True,inf
66,0.9,3,A,0.9,True,11,True,inf
67,0.6,0,B,1.0,True,11,True,inf
67,0.7,0,B,1.0,True,11,True,inf
67,0.8,0,B,1.0,True,11,True,inf
67,0.9,0,B,1.0,True,11,True,inf
68,0.6,0,C,1.0,True,11,True,inf
68,0.7,0,C,1.0,True,11,True,inf
68,0.8,0,C,1.0,True,11,True,inf
68,0.9,0,C,1.0,True,11,True,inf
69,0.6,0,A,0.9,False,11,True,inf
69,0.7,0,A,0.9,False,11,True,inf
69,0.8,0,A,0.9,False,11,True,inf
69,0.9,0,A,0.9,False,11,True,inf
7,0.6,0,D,0.7,False,11,True,inf
7,0.7,0,D,0.7,False,11,True,inf
7,0.8,1,D,0.8,False,11,True,inf
7,0.9,8,B,1.0,True,11,True,inf
70,0.6,1,B,0.85,True,11,True,inf
70,0.7,1,B,0.85,True,11,True,inf
70,0.8,1,B,0.85,True,11,True,inf
70,0.9,2,B,1.0,True,11,True,inf
71,0.6,0,C,0.6,False,11,True,inf
71,0.7,1,B,0.8,True,11,True,inf
71,0.8,1,B,0.8,True,11,True,inf
71,0.9,2,B,1.0,True,11,True,inf
72,0.6,1,D,1.0,False,11,True,inf
72,0.7,1,D,1.0,False,11,True,inf
72,0.8,1,D,1.0,False,11,True,inf
72,0.9,1,D,1.0,False,11,True,inf
73,0.6,1,C,0.6,False,11,True,inf
73,0.7,3,A,0.8,True,11,True,inf
73,0.8,3,A,0.8,True,11,True,inf
73,0.9,10,A,0.9,True,11,False,inf
74,0.6,1,B,0.6,True,11,True,inf
74,0.7,4,B,0.75,True,11,True,inf
74,0.8,6,D,1.0,False,11,True,inf
74,0.9,6,D,1.0,False,11,True,inf
75,0.6,2,A,0.6,True,11,True,inf
75,0.7,10,A,0.4,True,11,False,inf
75,0.8,10,A,0.4,True,11,False,inf
75,0.9,10,A,0.4,True,11,False,inf
76,0.6,0,C,1.0,True,11,True,inf
76,0.7,0,C,1.0,True,11,True,inf
76,0.8,0,C,1.0,True,11,True,inf
76,0.9,0,C,1.0,True,11,True,inf
77,0.6,1,A,0.75,True,11,True,inf
77,0.7,1,A,0.75,True,11,True,inf
77,0.8,4,A,0.9,True,11,True,inf
77,0.9,4,A,0.9,True,11,True,inf
78,0.6,1,B,0.7,True,11,True,inf
78,0.7,1,B,0.7,True,11,True,inf
78,0.8,3,B,1.0,True,11,True,inf
78,0.9,3,B,1.0,True,11,True,inf
79,0.6,2,A,0.7,True,11,True,inf
79,0.7,2,A,0.7,True,11,True,inf
79,0.8,5,D,1.0,False,11,True,inf
79,0.9,5,D,1.0,False,11,True,inf
8,0.6,0,C,1.0,True,11,True,inf
8,0.7,0,C,1.0,True,11,True,inf
8,0.8,0,C,1.0,True,11,True,inf
8,0.9,0,C,1.0,True,11,True,inf
80,0.6,0,D,0.75,True,11,True,inf
80,0.7,0,D,0.75,True,11,True,inf
80,0.8,2,D,1.0,True,11,True,inf
80,0.9,2,D,1.0,True,11,True,inf
81,0.6,4,A,0.8,True,11,True,inf
81,0.7,4,A,0.8,True,11,True,inf
81,0.8,4,A,0.8,True,11,True,inf
81,0.9,9,D,1.0,False,11,True,inf
82,0.6,2,B,0.7,True,11,True,inf
82,0.7,2,B,0.7,True,11,True,inf
82,0.8,3,B,0.8,True,11,True,inf
82,0.9,6,B,1.0,True,11,True,inf
83,0.6,1,A,0.9,True,11,True,inf
83,0.7,1,A,0.9,True,11,True,inf
83,0.8,1,A,0.9,True,11,True,inf
83,0.9,1,A,0.9,True,11,True,inf
84,0.6,1,D,1.0,True,11,True,inf
84,0.7,1,D,1.0,True,11,True,inf
84,0.8,1,D,1.0,True,11,True,inf
84,0.9,1,D,1.0,True,11,True,inf
85,0.6,0,C,0.8571857185718571,False,11,True,inf
85,0.7,0,C,0.8571857185718571,False,11,True,inf
85,0.8,0,C,0.8571857185718571,False,11,True,inf
85,0.9,3,D,1.0,True,11,True,inf
86,0.6,0,C,1.0,True,11,True,0.0
86,0.7,0,C,1.0,True,11,True,0.0
86,0.8,0,C,1.0,True,11,True,0.0
86,0.9,0,C,1.0,True,11,True,0.0
87,0.6,1,C,1.0,True,11,True,inf
87,0.7,1,C,1.0,True,11,True,inf
87,0.8,1,C,1.0,True,11,True,inf
87,0.9,1,C,1.0,True,11,True,inf
88,0.6,1,B,1.0,True,11,True,inf
88,0.7,1,B,1.0,True,11,True,inf
88,0.8,1,B,1.0,True,11,True,inf
88,0.9,1,B,1.0,True,11,True,inf
89,0.6,1,C,0.6,False,11,True,inf
89,0.7,4,B,1.0,True,11,True,inf
89,0.8,4,B,1.0,True,11,True,inf
89,0.9,4,B,1.0,True,11,True,inf
9,0.6,1,A,0.95,True,11,True,inf
9,0.7,1,A,0.95,True,11,True,inf
9,0.8,1,A,0.95,True,11,True,inf
9,0.9,1,A,0.95,True,11,True,inf
90,0.6,1,C,1.0,True,11,True,inf
90,0.7,1,C,1.0,True,11,True,inf
90,0.8,1,C,1.0,True,11,True,inf
90,0.9,1,C,1.0,True,11,True,inf
91,0.6,1,C,0.6,True,11,True,inf
91,0.7,4,C,1.0,True,11,True,inf
91,0.8,4,C,1.0,True,11,True,inf
91,0.9,4,C,1.0,True,11,True,inf
92,0.6,0,A,0.99,True,11,True,inf
92,0.7,0,A,0.99,True,11,True,inf
92,0.8,0,A,0.99,True,11,True,inf
92,0.9,0,A,0.99,True,11,True,inf
93,0.6,0,C,1.0,True,11,True,inf
93,0.7,0,C,1.0,True,11,True,inf
93,0.8,0,C,1.0,True,11,True,inf
93,0.9,0,C,1.0,True,11,True,inf
94,0.6,0,C,1.0,True,11,True,inf
94,0.7,0,C,1.0,True,11,True,inf
94,0.8,0,C,1.0,True,11,True,inf
94,0.9,0,C,1.0,True,11,True,inf
95,0.6,1,C,0.8,True,11,True,inf
95,0.7,1,C,0.8,True,11,True,inf
95,0.8,1,C,0.8,True,11,True,inf
95,0.9,7,C,0.95,True,11,True,inf
96,0.6,2,A,0.6,True,11,True,inf
96,0.7,3,A,0.7,True,11,True,inf
96,0.8,4,A,0.8,True,11,True,inf
96,0.9,10,A,0.9,True,11,False,inf
97,0.6,1,B,0.8,True,11,True,inf
97,0.7,1,B,0.8,True,11,True,inf
97,0.8,1,B,0.8,True,11,True,inf
97,0.9,6,B,0.9,True,11,True,inf
98,0.6,1,B,0.9,True,11,True,inf
98,0.7,1,B,0.9,True,11,True,inf
98,0.8,1,B,0.9,True,11,True,inf
98,0.9,1,B,0.9,True,11,True,inf
99,0.6,0,C,0.85,True,11,True,inf
99,0.7,0,C,0.85,True,11,True,inf
99,0.8,0,C,0.85,True,11,True,inf
99,0.9,6,C,1.0,True,11,True,inf
